--CLIENTS

INSERT INTO Clients (Client_ID, First_Name, Last_Name, Client_Category, Relationship, Contact, Emergency_Contact, Email, Address) VALUES (34378568, 'Bethan', 'Walker', 'Member', 'Child', '(01632) 960 289', '(0114)4960970', 'butlerbeverley@example.net', '7 Emma row, East Lynn, PL3N 9TJ');
INSERT INTO Clients (Client_ID, First_Name, Last_Name, Client_Category, Relationship, Contact, Emergency_Contact, Email, Address) VALUES (46795316, 'Abdul', 'Clark', 'Guest', 'Spouse', '01614960448', '0118 4960324', 'irene01@example.org', 'Flat 85h, Elaine corners, Hayleybury, M44 5DX');
INSERT INTO Clients (Client_ID, First_Name, Last_Name, Client_Category, Relationship, Contact, Emergency_Contact, Email, Address) VALUES (67482537, 'Valerie', 'Brown', 'Guest', None, '0114 4960010', '+44141 4960187', 'mmartin@example.com', '461 Sheila manors, Lake Peterberg, CR5 8SD');
INSERT INTO Clients (Client_ID, First_Name, Last_Name, Client_Category, Relationship, Contact, Emergency_Contact, Email, Address) VALUES (46875921, 'Katie', 'Cooper', 'Member', 'Parent', '01314960760', '+441414960121', 'gibbonsruth@example.org', '62 Robinson shoals, Daviesfurt, CW1W 0QA');
INSERT INTO Clients (Client_ID, First_Name, Last_Name, Client_Category, Relationship, Contact, Emergency_Contact, Email, Address) VALUES (46858731, 'Gillian', 'Banks', 'Member', 'Parent', '+44(0)8081570159', '+44141 496 0049', 'ricky14@example.net', '312 King estate, North Allanside, W5 3HR');
INSERT INTO Clients (Client_ID, First_Name, Last_Name, Client_Category, Relationship, Contact, Emergency_Contact, Email, Address) VALUES (46957815, 'Shane', 'Goodwin', 'Guest', 'Child', '(0118) 4960804', '(0306) 9990543', 'uthomas@example.com', 'Studio 4, Myers place, Williammouth, S5F 7ZN');
INSERT INTO Clients (Client_ID, First_Name, Last_Name, Client_Category, Relationship, Contact, Emergency_Contact, Email, Address) VALUES (67845921, 'Amber', 'Cook', 'Member', 'Child', '+44(0)121 496 0218', '01632960769', 'andrea85@example.com', 'Studio 44o, Jones ranch, New Shane, M92 8TN');
INSERT INTO Clients (Client_ID, First_Name, Last_Name, Client_Category, Relationship, Contact, Emergency_Contact, Email, Address) VALUES (95874681, 'Dorothy', 'Edwards', 'Guest', 'Parent', '+441144960429', '+44131 4960847', 'graemebrown@example.org', '8 Fox place, North Pamelafort, GU57 3XE');
INSERT INTO Clients (Client_ID, First_Name, Last_Name, Client_Category, Relationship, Contact, Emergency_Contact, Email, Address) VALUES (65987435, 'Andrew', 'Wilkinson', 'Guest', None, '01414960623', '(0808)1570077', 'carrolldale@example.net', '463 Summers vista, Fryside, S81 1ZB');
INSERT INTO Clients (Client_ID, First_Name, Last_Name, Client_Category, Relationship, Contact, Emergency_Contact, Email, Address) VALUES (95468713, 'Arthur', 'Roberts', 'Guest', 'Child', '01164960200', '01214960336', 'victoria95@example.org', '058 Sean valley, East Kieran, ST4 2TW');
INSERT INTO Clients (Client_ID, First_Name, Last_Name, Client_Category, Relationship, Contact, Emergency_Contact, Email, Address) VALUES (75913648, 'Beverley', 'Warner', 'Member', 'Parent', '+44(0)151 4960868', '(0306)9990240', 'andreataylor@example.net', '7 Jordan squares, New Debra, E5H 8FZ');
INSERT INTO Clients (Client_ID, First_Name, Last_Name, Client_Category, Relationship, Contact, Emergency_Contact, Email, Address) VALUES (68543927, 'Grace', 'Roberts', 'Member', 'Child', '(0113) 496 0533', '(0808) 1570700', 'ismith@example.org', '163 Jacob orchard, East Ruth, TQ1A 7ZP');
INSERT INTO Clients (Client_ID, First_Name, Last_Name, Client_Category, Relationship, Contact, Emergency_Contact, Email, Address) VALUES (24695715, 'Marilyn', 'Watson', 'Guest', 'Child', '0191 498 0542', '01164960717', 'janice51@example.com', '95 Scott motorway, Blackburnville, L47 1LH');
INSERT INTO Clients (Client_ID, First_Name, Last_Name, Client_Category, Relationship, Contact, Emergency_Contact, Email, Address) VALUES (13695248, 'Tina', 'Owens', 'Member', 'Friend', '+44(0)151 496 0585', '020 74960180', 'stacey61@example.org', 'Flat 15, Brown mountains, Port Katemouth, B6C 7FH');
INSERT INTO Clients (Client_ID, First_Name, Last_Name, Client_Category, Relationship, Contact, Emergency_Contact, Email, Address) VALUES (66584337, 'Lindsey', 'Ellis', 'Member', 'Friend', '028 9018 0260', '(0808) 1570798', 'wrightcaroline@example.com', '0 Bishop parks, West Ellieside, NW7X 6SN');
INSERT INTO Clients (Client_ID, First_Name, Last_Name, Client_Category, Relationship, Contact, Emergency_Contact, Email, Address) VALUES (11354849, 'Geoffrey', 'Morley', 'Guest', 'Sibling', '+44114 4960483', '(0114) 496 0518', 'terry28@example.org', 'Studio 24r, Leslie points, East Benjaminmouth, B2C 3HL');
INSERT INTO Clients (Client_ID, First_Name, Last_Name, Client_Category, Relationship, Contact, Emergency_Contact, Email, Address) VALUES (11658437, 'Carly', 'Horton', 'Member', 'Child', '020 7946 0997', '+44115 496 0754', 'gracesmith@example.com', 'Flat 38Z, Brett crossroad, Williamstown, N2K 9SJ');
INSERT INTO Clients (Client_ID, First_Name, Last_Name, Client_Category, Relationship, Contact, Emergency_Contact, Email, Address) VALUES (77954682, 'Josh', 'White', 'Guest', 'Friend', '+44(0)28 9018345', '+44(0)191 4960023', 'kirkscott@example.org', '06 Paula street, North Gracetown, BR8X 8BX');
INSERT INTO Clients (Client_ID, First_Name, Last_Name, Client_Category, Relationship, Contact, Emergency_Contact, Email, Address) VALUES (33695244, 'Marc', 'Smith', 'Member', 'Friend', '+441914960908', '+44(0)117 496 0656', 'damienlowe@example.com', '8 Nigel village, West Staceyview, W96 4SU');
INSERT INTO Clients (Client_ID, First_Name, Last_Name, Client_Category, Relationship, Contact, Emergency_Contact, Email, Address) VALUES (33478526, 'Deborah', 'Bartlett', 'Guest', 'Child', '+44(0)2074960789', '+44(0)141 496 0508', 'xedwards@example.org', 'Flat 6, Molly islands, Reidborough, L3 7QY');


-- STAFF

INSERT INTO Staff (Staff_ID, First_Name, Last_Name, Staff_Role, Specialization, Contact, Emergency_Contact, Salary) VALUES (46751824, 'Jamie', 'Williams', 'Instructor', 'Strength', '+44(0)28 9018764', '+44(0)2074960752', 48778.00);
INSERT INTO Staff (Staff_ID, First_Name, Last_Name, Staff_Role, Specialization, Contact, Emergency_Contact, Salary) VALUES (9666, 'Elaine', 'Quinn', 'Instructor', 'Flexibility', '+44(0)808 157 0933', '+44(0)20 7496 0791', 28765.00);
INSERT INTO Staff (Staff_ID, First_Name, Last_Name, Staff_Role, Specialization, Contact, Emergency_Contact, Salary) VALUES (2336, 'Jeremy', 'Smith', 'Instructor', 'Strength', '+44(0)131 4960378', '+441632 960 987', 31755.00);
INSERT INTO Staff (Staff_ID, First_Name, Last_Name, Staff_Role, Specialization, Contact, Emergency_Contact, Salary) VALUES (4809, 'Sharon', 'Jarvis', 'Trainer', 'Flexibility', '0113 4960906', '+44(0)1174960681', 49190.00);
INSERT INTO Staff (Staff_ID, First_Name, Last_Name, Staff_Role, Specialization, Contact, Emergency_Contact, Salary) VALUES (6369, 'Owen', 'Reynolds', 'Instructor', 'Strength', '+441184960716', '+4420 74960855', 35325.00);
INSERT INTO Staff (Staff_ID, First_Name, Last_Name, Staff_Role, Specialization, Contact, Emergency_Contact, Salary) VALUES (2235, 'Douglas', 'Potter', 'Trainer', 'Flexibility', '+449098790751', '(0141) 4960712', 28310.00);
INSERT INTO Staff (Staff_ID, First_Name, Last_Name, Staff_Role, Specialization, Contact, Emergency_Contact, Salary) VALUES (5884, 'Brett', 'Jones', 'Trainer', 'Cardio', '+44(0)306 9990830', '+44118 4960802', 45890.00);
INSERT INTO Staff (Staff_ID, First_Name, Last_Name, Staff_Role, Specialization, Contact, Emergency_Contact, Salary) VALUES (2688, 'Lydia', 'Pearson', 'Trainer', 'Cardio', '0141 4960930', '+44116 496 0374', 43220.00);
INSERT INTO Staff (Staff_ID, First_Name, Last_Name, Staff_Role, Specialization, Contact, Emergency_Contact, Salary) VALUES (2566, 'Adrian', 'Powell', 'Trainer', 'Strength', '(0115) 4960112', '+442074960110', 20035.00);
INSERT INTO Staff (Staff_ID, First_Name, Last_Name, Staff_Role, Specialization, Contact, Emergency_Contact, Salary) VALUES (2878, 'Katie', 'Brown', 'Trainer', 'Flexibility', '+44(0)8081570037', '+44113 496 0239', 35195.00);

-- FACILITIES

INSERT INTO Facilities (Facility_ID, Facility_Name, Facility_Location) VALUES (4831, 'Facility 1', 'East Building');
INSERT INTO Facilities (Facility_ID, Facility_Name, Facility_Location) VALUES (6771, 'Facility 2', 'West Building');
INSERT INTO Facilities (Facility_ID, Facility_Name, Facility_Location) VALUES (7885, 'Facility 3', 'Lake side Building');
INSERT INTO Facilities (Facility_ID, Facility_Name, Facility_Location) VALUES (6094, 'Facility 4', 'North Building');
INSERT INTO Facilities (Facility_ID, Facility_Name, Facility_Location) VALUES (6428, 'Facility 5', 'South Building');

-- FITNESS CLASSES

INSERT INTO Fitness_Classes (Class_ID, Class_Name, Class_Type, Schedule, Instructor_ID, Max_Capacity) VALUES (7133, 'AMRAP', 'Strength Training', 2024-11-15 13:50:40.185346, 2566, 20);
INSERT INTO Fitness_Classes (Class_ID, Class_Name, Class_Type, Schedule, Instructor_ID, Max_Capacity) VALUES (7425, 'HIIT', 'Strength Training', 2024-11-02 07:08:31.331759, 2235, 19);
INSERT INTO Fitness_Classes (Class_ID, Class_Name, Class_Type, Schedule, Instructor_ID, Max_Capacity) VALUES (9167, 'Bodyweight', 'Core Exercises', 2024-11-06 01:29:52.499739, 6369, 15);
INSERT INTO Fitness_Classes (Class_ID, Class_Name, Class_Type, Schedule, Instructor_ID, Max_Capacity) VALUES (3990, 'Bodyweight', 'Core Exercises', 2024-11-25 19:16:43.517413, 6369, 22);
INSERT INTO Fitness_Classes (Class_ID, Class_Name, Class_Type, Schedule, Instructor_ID, Max_Capacity) VALUES (9232, 'AMRAP', 'Core Exercises', 2024-11-09 18:45:49.526643, 2235, 17);
INSERT INTO Fitness_Classes (Class_ID, Class_Name, Class_Type, Schedule, Instructor_ID, Max_Capacity) VALUES (5972, 'Bodyweight', 'Strength Training', 2024-11-04 10:44:54.884069, 2566, 25);
INSERT INTO Fitness_Classes (Class_ID, Class_Name, Class_Type, Schedule, Instructor_ID, Max_Capacity) VALUES (5995, 'TRX', 'Strength Training', 2024-11-18 09:24:29.094006, 2688, 13);
INSERT INTO Fitness_Classes (Class_ID, Class_Name, Class_Type, Schedule, Instructor_ID, Max_Capacity) VALUES (6383, 'Cardio', 'Flexibility and Stretching', 2024-11-09 23:28:07.125901, 46751824, 26);
INSERT INTO Fitness_Classes (Class_ID, Class_Name, Class_Type, Schedule, Instructor_ID, Max_Capacity) VALUES (7637, 'Bodyweight', 'Core Exercises', 2024-11-16 11:33:30.051651, 46751824, 30);
INSERT INTO Fitness_Classes (Class_ID, Class_Name, Class_Type, Schedule, Instructor_ID, Max_Capacity) VALUES (9129, 'Cardio', 'Balance Training', 2024-11-11 13:56:37.531359, 4809, 13);

-- MEMBERSHIP

INSERT INTO Membership (Membership_ID, Client_ID, Plan_Type, Start_Date, End_Date, Status, Price) VALUES (3350, 95468713, 'Gold', 2024-02-12, 2024-11-28, 'Active', 442.4);
INSERT INTO Membership (Membership_ID, Client_ID, Plan_Type, Start_Date, End_Date, Status, Price) VALUES (5879, 33695244, 'Gold', 2024-07-20, 2025-06-28, 'Active', 277.76);
INSERT INTO Membership (Membership_ID, Client_ID, Plan_Type, Start_Date, End_Date, Status, Price) VALUES (4169, 24695715, 'Silver', 2024-04-21, 2024-12-14, 'Active', 446.38);
INSERT INTO Membership (Membership_ID, Client_ID, Plan_Type, Start_Date, End_Date, Status, Price) VALUES (8223, 24695715, 'Silver', 2024-10-06, 2025-08-14, 'Active', 460.09);
INSERT INTO Membership (Membership_ID, Client_ID, Plan_Type, Start_Date, End_Date, Status, Price) VALUES (3407, 66584337, 'Silver', 2024-10-06, 2025-03-01, 'Active', 306.85);
INSERT INTO Membership (Membership_ID, Client_ID, Plan_Type, Start_Date, End_Date, Status, Price) VALUES (8537, 46795316, 'Silver', 2024-03-18, 2025-02-20, 'Active', 372.43);
INSERT INTO Membership (Membership_ID, Client_ID, Plan_Type, Start_Date, End_Date, Status, Price) VALUES (5308, 11354849, 'Platinum', 2024-02-19, 2024-04-15, 'Inactive', 376.93);
INSERT INTO Membership (Membership_ID, Client_ID, Plan_Type, Start_Date, End_Date, Status, Price) VALUES (3376, 77954682, 'Platinum', 2024-05-20, 2025-01-21, 'Active', 309.59);
INSERT INTO Membership (Membership_ID, Client_ID, Plan_Type, Start_Date, End_Date, Status, Price) VALUES (7533, 77954682, 'Platinum', 2024-09-10, 2025-06-18, 'Active', 351.01);
INSERT INTO Membership (Membership_ID, Client_ID, Plan_Type, Start_Date, End_Date, Status, Price) VALUES (2732, 75913648, 'Platinum', 2024-02-21, 2024-05-12, 'Inactive', 251.83);
INSERT INTO Membership (Membership_ID, Client_ID, Plan_Type, Start_Date, End_Date, Status, Price) VALUES (9008, 65987435, 'Silver', 2024-01-20, 2024-03-04, 'Inactive', 453.49);
INSERT INTO Membership (Membership_ID, Client_ID, Plan_Type, Start_Date, End_Date, Status, Price) VALUES (7815, 77954682, 'Gold', 2024-05-25, 2024-10-17, 'Inactive', 284.33);
INSERT INTO Membership (Membership_ID, Client_ID, Plan_Type, Start_Date, End_Date, Status, Price) VALUES (9945, 24695715, 'Silver', 2024-09-22, 2025-07-23, 'Active', 257.33);
INSERT INTO Membership (Membership_ID, Client_ID, Plan_Type, Start_Date, End_Date, Status, Price) VALUES (8288, 24695715, 'Platinum', 2024-03-07, 2024-04-07, 'Inactive', 100.99);
INSERT INTO Membership (Membership_ID, Client_ID, Plan_Type, Start_Date, End_Date, Status, Price) VALUES (9330, 95468713, 'Gold', 2024-03-28, 2024-11-29, 'Active', 434.16);

-- DISCOUNTS

INSERT INTO Discounts (Discount_ID, Discount_Type, Discount_Code, Usage_Count, Revenue_Loss) VALUES (8232, 'Referral', '8702098708', 0, 0.0);
INSERT INTO Discounts (Discount_ID, Discount_Type, Discount_Code, Usage_Count, Revenue_Loss) VALUES (4896, 'Promotion 1', '7245864374', 0, 0.0);
INSERT INTO Discounts (Discount_ID, Discount_Type, Discount_Code, Usage_Count, Revenue_Loss) VALUES (7207, 'Promotion 2', '7550696607', 0, 0.0);
INSERT INTO Discounts (Discount_ID, Discount_Type, Discount_Code, Usage_Count, Revenue_Loss) VALUES (2995, 'Promotion 3', '8174809847', 0, 0.0);

-- TRAINING

INSERT INTO Training (Training_ID, Client_ID, Trainer_ID, Session_Schedule, Workout_Details) VALUES (4160, 11658437, 5884, 2024-10-06 08:26:19.371039, 'Inventore blanditiis veniam laborum dolores repellat. Tempore aperiam iusto repellat adipisci.
Perferendis est similique sapiente ipsa eius. Doloremque magni sapiente nesciunt.');
INSERT INTO Training (Training_ID, Client_ID, Trainer_ID, Session_Schedule, Workout_Details) VALUES (5787, 34378568, 5884, 2024-02-02 04:31:28.940516, 'Porro consequatur dolore doloremque eveniet consectetur. Nulla ad alias repellendus.');
INSERT INTO Training (Training_ID, Client_ID, Trainer_ID, Session_Schedule, Workout_Details) VALUES (1810, 46957815, 2235, 2024-09-27 17:07:43.451183, 'Provident sint tempora maiores nam aliquam est. Dolore reiciendis explicabo quidem accusamus ullam qui ut.
Error voluptatibus ullam corporis excepturi esse blanditiis.');
INSERT INTO Training (Training_ID, Client_ID, Trainer_ID, Session_Schedule, Workout_Details) VALUES (4917, 46957815, 6369, 2024-01-16 19:50:11.078377, 'Sed sed quod animi. Neque tempora tempora quis et iste.');
INSERT INTO Training (Training_ID, Client_ID, Trainer_ID, Session_Schedule, Workout_Details) VALUES (8184, 67845921, 2688, 2024-09-03 23:45:02.549771, 'Ipsum doloribus nam id. Officiis sequi soluta eius quisquam.
Aliquam totam numquam ratione.');
INSERT INTO Training (Training_ID, Client_ID, Trainer_ID, Session_Schedule, Workout_Details) VALUES (8750, 11658437, 2878, 2024-07-23 06:01:22.345548, 'Recusandae quasi perferendis sint. Perferendis nam deserunt. Fugiat laudantium facere eveniet.
Excepturi maiores placeat dolore. Alias incidunt nisi soluta maxime. Quo explicabo aperiam rerum.');
INSERT INTO Training (Training_ID, Client_ID, Trainer_ID, Session_Schedule, Workout_Details) VALUES (5753, 11354849, 4809, 2024-02-19 03:27:35.152006, 'Quia blanditiis recusandae quis. Molestias architecto optio enim id iusto. Incidunt nisi voluptatem quisquam aliquid cupiditate iste.');
INSERT INTO Training (Training_ID, Client_ID, Trainer_ID, Session_Schedule, Workout_Details) VALUES (2348, 46875921, 2336, 2024-05-29 10:30:59.658912, 'Vero ducimus illum labore veritatis dolorum ipsam. Sequi aut illo temporibus. A incidunt voluptatem expedita tempore occaecati earum.');
INSERT INTO Training (Training_ID, Client_ID, Trainer_ID, Session_Schedule, Workout_Details) VALUES (8702, 13695248, 2336, 2024-01-21 05:17:05.909359, 'Aperiam voluptatibus numquam corrupti. Amet ratione id in dolorum. Repudiandae iure voluptatibus a doloribus optio.
Commodi ipsa veniam facilis. Possimus in voluptatibus tempore.');
INSERT INTO Training (Training_ID, Client_ID, Trainer_ID, Session_Schedule, Workout_Details) VALUES (3852, 33695244, 2336, 2024-10-17 05:45:58.464891, 'Non eum iste nesciunt voluptates non deleniti. Quo quaerat recusandae ipsam alias deleniti. Animi deleniti quod modi officia nulla ipsa.');

-- HEALTH ASSESSMENTS

INSERT INTO Health_Assessments (Assessment_ID, Client_ID, Trainer_ID, Assessment_Time, Weight, BMI, Body_Fat_Percentage) VALUES (8274, 468579152, 5884, 2024-06-02 08:43:48.823206, 61.58, 21.9, 36.96);
INSERT INTO Health_Assessments (Assessment_ID, Client_ID, Trainer_ID, Assessment_Time, Weight, BMI, Body_Fat_Percentage) VALUES (1616, 75913648, 2878, 2024-05-19 00:30:45.232307, 60.24, 18.51, 26.51);
INSERT INTO Health_Assessments (Assessment_ID, Client_ID, Trainer_ID, Assessment_Time, Weight, BMI, Body_Fat_Percentage) VALUES (3157, 46875921, 2878, 2024-11-05 05:06:06.611510, 96.83, 20.18, 29.99);
INSERT INTO Health_Assessments (Assessment_ID, Client_ID, Trainer_ID, Assessment_Time, Weight, BMI, Body_Fat_Percentage) VALUES (1364, 34378568, 2878, 2024-04-10 02:32:00.684172, 53.16, 27.77, 39.94);
INSERT INTO Health_Assessments (Assessment_ID, Client_ID, Trainer_ID, Assessment_Time, Weight, BMI, Body_Fat_Percentage) VALUES (4848, 95874681, 2235, 2024-08-15 00:47:18.089684, 50.84, 25.25, 26.16);
INSERT INTO Health_Assessments (Assessment_ID, Client_ID, Trainer_ID, Assessment_Time, Weight, BMI, Body_Fat_Percentage) VALUES (6142, 11354849, 46751824, 2024-04-19 08:25:42.502255, 98.32, 20.44, 23.8);
INSERT INTO Health_Assessments (Assessment_ID, Client_ID, Trainer_ID, Assessment_Time, Weight, BMI, Body_Fat_Percentage) VALUES (1672, 68543927, 2878, 2024-08-31 18:15:44.605034, 92.74, 20.54, 39.94);
INSERT INTO Health_Assessments (Assessment_ID, Client_ID, Trainer_ID, Assessment_Time, Weight, BMI, Body_Fat_Percentage) VALUES (9992, 46875921, 2878, 2024-04-30 06:39:58.925036, 80.45, 26.93, 15.3);
INSERT INTO Health_Assessments (Assessment_ID, Client_ID, Trainer_ID, Assessment_Time, Weight, BMI, Body_Fat_Percentage) VALUES (6930, 11658437, 9666, 2024-02-15 20:07:24.768199, 70.54, 25.95, 27.65);
INSERT INTO Health_Assessments (Assessment_ID, Client_ID, Trainer_ID, Assessment_Time, Weight, BMI, Body_Fat_Percentage) VALUES (3670, 33695244, 9666, 2024-10-23 19:52:10.695355, 95.72, 21.54, 18.38);

-- GYM ATTENDANCE

INSERT INTO Gym_Attendance (Attendance_ID, Client_ID, Check_in, Check_out, Facility_ID) VALUES (6926, 68543927, 2024-11-22 07:02:57.435897, 2024-11-14 01:20:53.440330, 7885);
INSERT INTO Gym_Attendance (Attendance_ID, Client_ID, Check_in, Check_out, Facility_ID) VALUES (9200, 77954682, 2024-11-19 13:38:41.727280, 2024-11-01 04:10:47.241966, 7885);
INSERT INTO Gym_Attendance (Attendance_ID, Client_ID, Check_in, Check_out, Facility_ID) VALUES (1474, 46957815, 2024-11-22 11:46:56.888915, 2024-11-02 06:22:37.918728, 7885);
INSERT INTO Gym_Attendance (Attendance_ID, Client_ID, Check_in, Check_out, Facility_ID) VALUES (7489, 66584337, 2024-11-05 10:26:16.862931, 2024-11-13 16:10:35.870010, 6771);
INSERT INTO Gym_Attendance (Attendance_ID, Client_ID, Check_in, Check_out, Facility_ID) VALUES (5675, 24695715, 2024-11-20 14:43:49.943554, 2024-11-04 23:12:27.596241, 4831);
INSERT INTO Gym_Attendance (Attendance_ID, Client_ID, Check_in, Check_out, Facility_ID) VALUES (2100, 46957815, 2024-11-06 23:19:14.789033, 2024-11-21 11:18:34.897298, 6771);
INSERT INTO Gym_Attendance (Attendance_ID, Client_ID, Check_in, Check_out, Facility_ID) VALUES (9147, 77954682, 2024-11-22 03:51:27.429627, 2024-11-11 21:16:51.440503, 7885);
INSERT INTO Gym_Attendance (Attendance_ID, Client_ID, Check_in, Check_out, Facility_ID) VALUES (5180, 66584337, 2024-11-01 04:52:15.500492, 2024-11-19 08:40:06.040502, 6094);
INSERT INTO Gym_Attendance (Attendance_ID, Client_ID, Check_in, Check_out, Facility_ID) VALUES (4998, 95468713, 2024-11-04 04:57:25.899846, 2024-11-24 10:14:59.571233, 4831);
INSERT INTO Gym_Attendance (Attendance_ID, Client_ID, Check_in, Check_out, Facility_ID) VALUES (6797, 95874681, 2024-11-09 01:26:25.559764, 2024-11-12 04:53:27.508097, 6428);

-- EQUIPMENT RENTALS

INSERT INTO Equipment_Rentals (Rental_ID, Facility_ID, Equipment_SNo, Equipment_Model, Client_ID, Rental_Date, Return_Date, Maintenance_Schedule) VALUES (5234, 6771, 284, 'Dumbbells', 68543927, 2024-05-14, 2024-03-03, 2024-03-26);
INSERT INTO Equipment_Rentals (Rental_ID, Facility_ID, Equipment_SNo, Equipment_Model, Client_ID, Rental_Date, Return_Date, Maintenance_Schedule) VALUES (8904, 7885, 886, 'Barbells', 33695244, 2024-11-23, 2024-06-15, 2024-06-29);
INSERT INTO Equipment_Rentals (Rental_ID, Facility_ID, Equipment_SNo, Equipment_Model, Client_ID, Rental_Date, Return_Date, Maintenance_Schedule) VALUES (2964, 6428, 461, 'Pull-up Bars', 46875921, 2024-03-26, 2024-03-01, 2024-09-14);
INSERT INTO Equipment_Rentals (Rental_ID, Facility_ID, Equipment_SNo, Equipment_Model, Client_ID, Rental_Date, Return_Date, Maintenance_Schedule) VALUES (4356, 6094, 733, 'Resistance Bands', 34378568, 2024-09-22, 2024-01-07, 2024-01-13);
INSERT INTO Equipment_Rentals (Rental_ID, Facility_ID, Equipment_SNo, Equipment_Model, Client_ID, Rental_Date, Return_Date, Maintenance_Schedule) VALUES (8126, 7885, 750, 'Medicine Balls', 95468713, 2024-07-25, 2024-09-11, 2024-02-16);
INSERT INTO Equipment_Rentals (Rental_ID, Facility_ID, Equipment_SNo, Equipment_Model, Client_ID, Rental_Date, Return_Date, Maintenance_Schedule) VALUES (6566, 6428, 698, 'Treadmill', 46795316, 2024-10-17, 2024-10-17, 2024-10-18);
INSERT INTO Equipment_Rentals (Rental_ID, Facility_ID, Equipment_SNo, Equipment_Model, Client_ID, Rental_Date, Return_Date, Maintenance_Schedule) VALUES (9910, 6094, 369, 'Barbells', 77954682, 2024-09-05, 2024-01-24, 2024-11-23);
INSERT INTO Equipment_Rentals (Rental_ID, Facility_ID, Equipment_SNo, Equipment_Model, Client_ID, Rental_Date, Return_Date, Maintenance_Schedule) VALUES (5892, 6094, 405, 'Elliptical', 95874681, 2024-04-26, 2024-02-17, 2024-03-22);
INSERT INTO Equipment_Rentals (Rental_ID, Facility_ID, Equipment_SNo, Equipment_Model, Client_ID, Rental_Date, Return_Date, Maintenance_Schedule) VALUES (2557, 6094, 539, 'Barbells', 95468713, 2024-03-07, 2024-11-19, 2024-08-23);
INSERT INTO Equipment_Rentals (Rental_ID, Facility_ID, Equipment_SNo, Equipment_Model, Client_ID, Rental_Date, Return_Date, Maintenance_Schedule) VALUES (5246, 4831, 789, 'Pull-up Bars', 34378568, 2024-10-26, 2024-05-07, 2024-08-07);

-- CLASS BOOKINGS

INSERT INTO Class_Bookings (Booking_ID, Class_ID, Client_ID, Status) VALUES (9038, 7311, 8054, 'Waitlisted');
INSERT INTO Class_Bookings (Booking_ID, Class_ID, Client_ID, Status) VALUES (5067, 9053, 7274, 'Canceled');
INSERT INTO Class_Bookings (Booking_ID, Class_ID, Client_ID, Status) VALUES (7443, 5530, 8707, 'Waitlisted');
INSERT INTO Class_Bookings (Booking_ID, Class_ID, Client_ID, Status) VALUES (8097, 1969, 9665, 'Waitlisted');
INSERT INTO Class_Bookings (Booking_ID, Class_ID, Client_ID, Status) VALUES (9430, 7311, 5677, 'Canceled');
INSERT INTO Class_Bookings (Booking_ID, Class_ID, Client_ID, Status) VALUES (2931, 7907, 8306, 'Canceled');
INSERT INTO Class_Bookings (Booking_ID, Class_ID, Client_ID, Status) VALUES (6819, 7311, 9080, 'Canceled');
INSERT INTO Class_Bookings (Booking_ID, Class_ID, Client_ID, Status) VALUES (4437, 4773, 8306, 'Confirmed');
INSERT INTO Class_Bookings (Booking_ID, Class_ID, Client_ID, Status) VALUES (1591, 4773, 7689, 'Confirmed');
INSERT INTO Class_Bookings (Booking_ID, Class_ID, Client_ID, Status) VALUES (3521, 9846, 9957, 'Canceled');
INSERT INTO Class_Bookings (Booking_ID, Class_ID, Client_ID, Status) VALUES (9160, 7311, 7658, 'Confirmed');
INSERT INTO Class_Bookings (Booking_ID, Class_ID, Client_ID, Status) VALUES (7699, 4773, 7689, 'Waitlisted');
INSERT INTO Class_Bookings (Booking_ID, Class_ID, Client_ID, Status) VALUES (5134, 1216, 5677, 'Confirmed');
INSERT INTO Class_Bookings (Booking_ID, Class_ID, Client_ID, Status) VALUES (3829, 5530, 9080, 'Canceled');
INSERT INTO Class_Bookings (Booking_ID, Class_ID, Client_ID, Status) VALUES (3697, 4773, 8054, 'Canceled');

-- BILLING

INSERT INTO Billing (Billing_ID, Transaction_ID, Client_ID, Amount, Billing_Date_Time, Payment_Method, Payment_Status, Discount_Applied, Discount_Amount, Discount_ID) VALUES (4358, 111292, 9981, 205.49, 2024-10-19 23:26:23.961062, 'Direct Debit', 'CONFIRMED', 'N', 0.0, None);
INSERT INTO Billing (Billing_ID, Transaction_ID, Client_ID, Amount, Billing_Date_Time, Payment_Method, Payment_Status, Discount_Applied, Discount_Amount, Discount_ID) VALUES (4116, 492863, 4281, 327.06, 2024-01-16 05:40:40.296552, 'Debit Card', 'PENDING', 'N', 0.0, None);
INSERT INTO Billing (Billing_ID, Transaction_ID, Client_ID, Amount, Billing_Date_Time, Payment_Method, Payment_Status, Discount_Applied, Discount_Amount, Discount_ID) VALUES (1326, None, 7658, 48.23, 2024-06-27 02:37:30.343873, 'Cash', 'PENDING', 'Y', 23.12, 3375);
INSERT INTO Billing (Billing_ID, Transaction_ID, Client_ID, Amount, Billing_Date_Time, Payment_Method, Payment_Status, Discount_Applied, Discount_Amount, Discount_ID) VALUES (2335, 829094, 7274, 468.03, 2024-10-01 12:13:57.288428, 'Direct Debit', 'CONFIRMED', 'N', 0.0, None);
INSERT INTO Billing (Billing_ID, Transaction_ID, Client_ID, Amount, Billing_Date_Time, Payment_Method, Payment_Status, Discount_Applied, Discount_Amount, Discount_ID) VALUES (7125, None, 8306, 273.77, 2024-06-29 00:37:30.634432, 'Debit Card', 'CONFIRMED', 'Y', 6.22, 3375);
INSERT INTO Billing (Billing_ID, Transaction_ID, Client_ID, Amount, Billing_Date_Time, Payment_Method, Payment_Status, Discount_Applied, Discount_Amount, Discount_ID) VALUES (8160, 663603, 7274, 167.98, 2024-09-13 01:46:13.357377, 'Credit Card', 'PENDING', 'N', 0.0, None);
INSERT INTO Billing (Billing_ID, Transaction_ID, Client_ID, Amount, Billing_Date_Time, Payment_Method, Payment_Status, Discount_Applied, Discount_Amount, Discount_ID) VALUES (7645, None, 7524, 484.53, 2024-07-15 02:00:23.478838, 'Direct Debit', 'PENDING', 'Y', 35.15, 8475);
INSERT INTO Billing (Billing_ID, Transaction_ID, Client_ID, Amount, Billing_Date_Time, Payment_Method, Payment_Status, Discount_Applied, Discount_Amount, Discount_ID) VALUES (3378, 146647, 4281, 13.67, 2024-09-18 01:50:21.298339, 'Debit Card', 'CONFIRMED', 'N', 0.0, None);
INSERT INTO Billing (Billing_ID, Transaction_ID, Client_ID, Amount, Billing_Date_Time, Payment_Method, Payment_Status, Discount_Applied, Discount_Amount, Discount_ID) VALUES (2161, None, 9981, 379.03, 2024-07-21 09:47:20.359093, 'Cash', 'PENDING', 'Y', 21.06, 8475);
INSERT INTO Billing (Billing_ID, Transaction_ID, Client_ID, Amount, Billing_Date_Time, Payment_Method, Payment_Status, Discount_Applied, Discount_Amount, Discount_ID) VALUES (9796, None, 5530, 98.14, 2024-06-12 18:57:51.510864, 'Direct Debit', 'PENDING', 'Y', 4.02, 6846);
INSERT INTO Billing (Billing_ID, Transaction_ID, Client_ID, Amount, Billing_Date_Time, Payment_Method, Payment_Status, Discount_Applied, Discount_Amount, Discount_ID) VALUES (7122, 238183, 5677, 157.5, 2024-02-05 16:50:17.728381, 'Cash', 'PENDING', 'N', 0.0, None);
INSERT INTO Billing (Billing_ID, Transaction_ID, Client_ID, Amount, Billing_Date_Time, Payment_Method, Payment_Status, Discount_Applied, Discount_Amount, Discount_ID) VALUES (9165, None, 8306, 494.28, 2024-08-18 13:06:26.930029, 'Cash', 'PENDING', 'Y', 59.66, 6846);
INSERT INTO Billing (Billing_ID, Transaction_ID, Client_ID, Amount, Billing_Date_Time, Payment_Method, Payment_Status, Discount_Applied, Discount_Amount, Discount_ID) VALUES (6859, None, 1629, 31.61, 2024-11-25 14:19:58.805352, 'Credit Card', 'CONFIRMED', 'Y', 54.16, 8475);
INSERT INTO Billing (Billing_ID, Transaction_ID, Client_ID, Amount, Billing_Date_Time, Payment_Method, Payment_Status, Discount_Applied, Discount_Amount, Discount_ID) VALUES (3100, 686411, 4281, 485.09, 2024-02-26 20:27:23.320992, 'Credit Card', 'CONFIRMED', 'N', 0.0, None);
INSERT INTO Billing (Billing_ID, Transaction_ID, Client_ID, Amount, Billing_Date_Time, Payment_Method, Payment_Status, Discount_Applied, Discount_Amount, Discount_ID) VALUES (9634, None, 8306, 74.4, 2024-10-17 10:51:24.769523, 'Credit Card', 'PENDING', 'Y', 27.97, 1820);
