--DROPS ALL TABLES

DROP TABLE Clients CASCADE CONSTRAINTS;
DROP TABLE Membership CASCADE CONSTRAINTS;
DROP TABLE Fitness_Classes CASCADE CONSTRAINTS;
DROP TABLE Class_Bookings CASCADE CONSTRAINTS;
DROP TABLE Personal_Training_Sessions CASCADE CONSTRAINTS;
DROP TABLE Health_Assessments CASCADE CONSTRAINTS;
DROP TABLE Gym_Attendance CASCADE CONSTRAINTS;
DROP TABLE Billing CASCADE CONSTRAINTS;
DROP TABLE Discounts CASCADE CONSTRAINTS;
DROP TABLE Staff CASCADE CONSTRAINTS;
DROP TABLE Facilities CASCADE CONSTRAINTS;
DROP TABLE Equipment_Rentals CASCADE CONSTRAINTS;


--CREATES ALL TABLES
-- Table: Clients
CREATE TABLE Clients (
    Client_ID NUMBER(8) GENERATED BY DEFAULT AS IDENTITY PRIMARY KEY,
    First_Name VARCHAR2(100) NOT NULL,
    Last_Name VARCHAR2(100) NOT NULL,
    Client_Category VARCHAR2(10) CHECK (Client_Category IN ('Member', 'Guest')) NOT NULL,
    Gym_Visits NUMBER(2) DEFAULT 0,
    Relationship VARCHAR2(50),
    Contact VARCHAR2(15) NOT NULL,
    Emergency_Contact VARCHAR2(15),
    Email VARCHAR2(100) UNIQUE,
    Address CLOB,
    CONSTRAINT chk_relationship_guest
        CHECK (Client_Category = 'Guest' OR Relationship IS NULL)
);

-- Table: Membership
CREATE TABLE Membership (
    Membership_ID NUMBER(8) GENERATED BY DEFAULT AS IDENTITY PRIMARY KEY,
    Client_ID NUMBER(8) NOT NULL,
    Plan_Type VARCHAR2(10) CHECK (Plan_Type IN ('Silver', 'Gold', 'Platinum')) NOT NULL,
    Start_Date DATE NOT NULL,
    End_Date DATE NOT NULL,
    Status VARCHAR2(10) CHECK (Status IN ('Active', 'Inactive')) NOT NULL,
    Price NUMBER(10, 2) NOT NULL
);

-- Table: Fitness Classes
CREATE TABLE Fitness_Classes (
    Class_ID NUMBER(8) GENERATED BY DEFAULT AS IDENTITY PRIMARY KEY,
    Class_Name VARCHAR2(100) NOT NULL,
    Class_Type VARCHAR2(30) CHECK (Class_Type IN ('Core Exercises', 'Yoga', 'Pilates', 'Aerobic Fitness')) NOT NULL,
    Schedule TIMESTAMP NOT NULL,
    Instructor_ID NUMBER(8) NOT NULL,
    Available_Slots NUMBER NOT NULL
);

-- Table: Class Bookings
CREATE TABLE Class_Bookings (
    Booking_ID NUMBER(8) GENERATED BY DEFAULT AS IDENTITY PRIMARY KEY,
    Class_ID NUMBER(8) NOT NULL,
    Client_ID NUMBER(8) NOT NULL,
    Status VARCHAR2(15) CHECK (Status IN ('Confirmed', 'Canceled', 'Waitlisted')) NOT NULL
);

-- Table: Personal_Training_Sessions
CREATE TABLE Personal_Training_Sessions (
    Training_ID NUMBER(8) GENERATED BY DEFAULT AS IDENTITY PRIMARY KEY,
    Client_ID NUMBER(8) NOT NULL,
    Trainer_ID NUMBER(8) NOT NULL,
    Session_Schedule TIMESTAMP NOT NULL,
    Exercise_Type VARCHAR2(50) CHECK (Exercise_Type IN ('Cardio', 'Strength Training', 'Calisthenics', 'Other')) NOT NULL
);

-- Table: Health Assessments
CREATE TABLE Health_Assessments (
    Assessment_ID NUMBER(8) GENERATED BY DEFAULT AS IDENTITY PRIMARY KEY,
    Client_ID NUMBER(8) NOT NULL,
    Trainer_ID NUMBER(8) NOT NULL,
    Assessment_Time TIMESTAMP NOT NULL,
    Weight NUMBER(5, 2),
    BMI NUMBER(5, 2),
    Body_Fat_Percentage NUMBER(5, 2)
);

-- Table: Gym Attendance
CREATE TABLE Gym_Attendance (
    Attendance_ID NUMBER(8) GENERATED BY DEFAULT AS IDENTITY PRIMARY KEY,
    Client_ID NUMBER(8) NOT NULL,
    Check_in TIMESTAMP NOT NULL,
    Check_out TIMESTAMP,
    Facility_ID NUMBER(8) NOT NULL
);

-- Table: Billing
CREATE TABLE Billing (
    Billing_ID NUMBER(8) GENERATED BY DEFAULT AS IDENTITY PRIMARY KEY,
    Transaction_ID NUMBER(8),
    Client_ID NUMBER(8) NOT NULL,
    Service_Name VARCHAR2(100) NOT NULL CHECK (Service_Name IN ('Membership', 'Class Booking', 'Personal Training', 'Health Assessment','Other')),
    Amount NUMBER(10, 2) NOT NULL,
    Billing_Date_Time TIMESTAMP NOT NULL,
    Payment_Method VARCHAR2(15) CHECK (Payment_Method IN ('Credit Card', 'Debit Card', 'Cash', 'Direct Debit')) NOT NULL,
    Payment_Status VARCHAR(15) CHECK (Payment_Status IN ('CONFIRMED', 'PENDING')) NOT NULL,
    Discount_Applied CHAR(1) DEFAULT 'N' CHECK (Discount_Applied IN ('Y', 'N')),
    Discount_Amount NUMBER(10, 2) DEFAULT 0.00,
    Discount_ID NUMBER(8)
);

-- Table: Discounts
CREATE TABLE Discounts (
    Discount_ID NUMBER(8) GENERATED BY DEFAULT AS IDENTITY PRIMARY KEY,
    Discount_Type VARCHAR2(15) CHECK (Discount_Type IN ('Promotion', 'Referral')) NOT NULL,
    Discount_Code VARCHAR2(20) UNIQUE NOT NULL,
    Usage_Count NUMBER DEFAULT 0,
    Revenue_Loss NUMBER(10, 2) DEFAULT 0.00
);

-- Table: Staff
CREATE TABLE Staff (
    Staff_ID NUMBER(8) GENERATED BY DEFAULT AS IDENTITY PRIMARY KEY,
    First_Name VARCHAR2(100) NOT NULL,
    Last_Name VARCHAR2(100) NOT NULL,
    Staff_Role VARCHAR2(15) CHECK (Staff_Role IN ('Trainer', 'Instructor', 'Support Staff', 'Admin')) NOT NULL,
    Specialization VARCHAR2(50),
    Contact VARCHAR2(15),
    Emergency_Contact VARCHAR2(15),
    Salary NUMBER(10, 2)
);

-- Table: Facilities
CREATE TABLE Facilities (
    Facility_ID NUMBER(8) GENERATED BY DEFAULT AS IDENTITY PRIMARY KEY,
    Facility_Name VARCHAR2(100) NOT NULL,
    Facility_Location VARCHAR2(100) NOT NULL
);

-- Table: Equipment Rentals
CREATE TABLE Equipment_Rentals (
    Rental_ID NUMBER(8) GENERATED BY DEFAULT AS IDENTITY PRIMARY KEY,
    Facility_ID NUMBER(8),
    Equipment_SNo NUMBER NOT NULL,
    Equipment_Model VARCHAR2(15),
    Client_ID NUMBER(8) NOT NULL,
    Rental_Date DATE NOT NULL,
    Return_Date DATE,
    Maintenance_Schedule DATE
);

--CREATES OR REPLACES TRIGGERS

-- Trigger: Prevent guests from having memberships
CREATE OR REPLACE TRIGGER trg_check_membership_client
BEFORE INSERT OR UPDATE ON Membership
FOR EACH ROW
DECLARE
    client_category VARCHAR2(10);
BEGIN
    -- Fetch client category to check if the client is a guest
    SELECT Client_Category INTO client_category
    FROM Clients
    WHERE Client_ID = :NEW.Client_ID;

    -- Raise an error if the client is a guest
    IF client_category = 'Guest' THEN
        RAISE_APPLICATION_ERROR(-20001, 'Guests cannot have memberships.');
    END IF;
END;
/

-- Trigger: Update discount usage and revenue loss in Discounts table
CREATE OR REPLACE TRIGGER trg_update_discount_usage
AFTER INSERT OR UPDATE ON Billing
FOR EACH ROW
BEGIN
    -- Update discount usage and revenue loss if a discount is applied
    IF :NEW.Discount_Applied = 'Y' AND :NEW.Discount_ID IS NOT NULL THEN
        UPDATE Discounts
        SET Usage_Count = Usage_Count + 1,
            Revenue_Loss = Revenue_Loss + :NEW.Discount_Amount
        WHERE Discount_ID = :NEW.Discount_ID;
    END IF;
END;
/

-- Trigger: Ensure Discount_Amount does not exceed £70
CREATE OR REPLACE TRIGGER trg_limit_discount_amount
BEFORE INSERT OR UPDATE OF Discount_Amount ON Billing
FOR EACH ROW
BEGIN
    -- Raise an error if Discount_Amount exceeds £70
    IF :NEW.Discount_Amount > 70 THEN
        RAISE_APPLICATION_ERROR(-20003, 'Discount amount cannot exceed £70.');
    END IF;
END;
/

-- Trigger: Validate Membership Start_Date and End_Date
CREATE OR REPLACE TRIGGER trg_validate_membership_dates
BEFORE INSERT OR UPDATE OF Start_Date, End_Date ON Membership
FOR EACH ROW
BEGIN
    -- Ensure End_Date is later than Start_Date
    IF :NEW.End_Date <= :NEW.Start_Date THEN
        RAISE_APPLICATION_ERROR(-20004, 'End_Date must be later than Start_Date.');
    END IF;
END;
/


-- Trigger: Prevent duplicate bookings for the same class
CREATE OR REPLACE TRIGGER trg_prevent_duplicate_bookings
BEFORE INSERT OR UPDATE ON Class_Bookings
FOR EACH ROW
DECLARE
    v_count NUMBER;
BEGIN
    -- Check for confirmed duplicate bookings by the same client
    SELECT COUNT(*)
    INTO v_count
    FROM Class_Bookings
    WHERE Client_ID = :NEW.Client_ID AND Class_ID = :NEW.Class_ID AND Status = 'Confirmed';

    -- Raise error if duplicate booking exists
    IF v_count > 0 THEN
        RAISE_APPLICATION_ERROR(-20009, 'Client has already confirmed this class.');
    END IF;
END;
/

-- Trigger: Ensure valid Trainer assignments
CREATE OR REPLACE TRIGGER trg_validate_trainer_assignment
BEFORE INSERT OR UPDATE ON Personal_Training_Sessions
FOR EACH ROW
DECLARE
    v_trainer_count NUMBER;
BEGIN
    -- Check if the Trainer_ID is valid and matches the 'Trainer' role
    SELECT COUNT(*)
    INTO v_trainer_count
    FROM Staff
    WHERE Staff_ID = :NEW.Trainer_ID AND Staff_Role = 'Trainer';

    -- Raise error if Trainer_ID is invalid
    IF v_trainer_count = 0 THEN
        RAISE_APPLICATION_ERROR(-20010, 'Invalid Trainer_ID: No such trainer exists.');
    END IF;
END;
/


-- Trigger to allow null for pending transactions and raise error for null in confirmed transactions
CREATE OR REPLACE TRIGGER trg_default_transaction_id
BEFORE INSERT OR UPDATE ON Billing
FOR EACH ROW
BEGIN
    -- Allow NULL for pending transactions
    IF :NEW.Payment_Status = 'PENDING' THEN
        NULL;

    -- Raise error if Transaction_ID is NULL for confirmed transactions
    ELSIF :NEW.Payment_Status = 'CONFIRMED' AND :NEW.Transaction_ID IS NULL THEN
        RAISE_APPLICATION_ERROR(-20012, 'Transaction_ID cannot be NULL for confirmed transactions.');

    -- Default Transaction_ID to -1 for Cash payments
    ELSIF :NEW.Payment_Method = 'Cash' AND :NEW.Transaction_ID IS NULL THEN
        :NEW.Transaction_ID := -1;

    -- Raise error for other cases with NULL Transaction_ID
    ELSIF :NEW.Transaction_ID IS NULL THEN
        RAISE_APPLICATION_ERROR(-20013, 'Transaction_ID cannot be NULL for this payment method or status.');
    END IF;
END;
/

-- Trigger to raise error if no slots are available
CREATE OR REPLACE TRIGGER trg_raise_error_no_slots
BEFORE INSERT OR UPDATE OF Status ON Class_Bookings
FOR EACH ROW
DECLARE
    v_available_slots NUMBER;
BEGIN
    -- Check only for confirmed bookings
    IF :NEW.Status = 'Confirmed' THEN
        -- Retrieve the current number of available slots
        SELECT Available_Slots 
        INTO v_available_slots
        FROM Fitness_Classes
        WHERE Class_ID = :NEW.Class_ID;

        -- Raise an error if no slots are available
        IF v_available_slots <= 0 THEN
            RAISE_APPLICATION_ERROR(-20001, 'No slots available for this class');
        END IF;
    END IF;
END trg_raise_error_no_slots;
/


-- Trigger to increase slots for cancelled bookings
CREATE OR REPLACE TRIGGER trg_increase_slots_on_cancel
AFTER UPDATE OF Status ON Class_Bookings
FOR EACH ROW
BEGIN
    -- Check only for bookings updated to "Canceled"
    IF :NEW.Status = 'Canceled' THEN
        UPDATE Fitness_Classes
        SET Available_Slots = Available_Slots + 1
        WHERE Class_ID = :NEW.Class_ID;
    END IF;
END trg_increase_slots_on_cancel;
/


-- Trigger to decrease slots for confirmed bookings
CREATE OR REPLACE TRIGGER trg_decrease_slots_on_confirm
AFTER INSERT OR UPDATE OF Status ON Class_Bookings
FOR EACH ROW
BEGIN
    -- Check only for confirmed bookings
    IF :NEW.Status = 'Confirmed' THEN
        UPDATE Fitness_Classes
        SET Available_Slots = Available_Slots - 1
        WHERE Class_ID = :NEW.Class_ID;
    END IF;
END trg_decrease_slots_on_confirm;
/

-- Trigger to increment gym_visits every time the client registers check_in in gym_attendance
CREATE OR REPLACE TRIGGER IncrementGymVisits
AFTER INSERT ON Gym_Attendance
FOR EACH ROW
BEGIN
    -- Update the Gym_Visits column in the Clients table
    UPDATE Clients
    SET Gym_Visits = Gym_Visits + 1
    WHERE Client_ID = :NEW.Client_ID;
END;
/

-- Trigger to prevent class booking if client's membership is inactive
-- CREATE OR REPLACE TRIGGER prevent_class_booking_inactive_membership
-- BEFORE INSERT ON Class_Bookings
-- FOR EACH ROW
-- DECLARE
--     v_membership_status VARCHAR2(20);
-- BEGIN
--     -- Check client's membership status before booking
--     SELECT Status
--     INTO v_membership_status
--     FROM Membership
--     WHERE Client_ID = :NEW.Client_ID;

--     -- Prevent booking if membership is inactive
--     IF v_membership_status = 'Inactive' THEN
--         RAISE_APPLICATION_ERROR(-20001, 'Cannot make a booking. Client membership is inactive.');
--     END IF;
-- END prevent_class_booking_inactive_membership;
-- /

--INSERTS DATA

--CLIENTS

INSERT INTO Clients (Client_ID, First_Name, Last_Name, Client_Category, Relationship, Contact, Emergency_Contact, Email, Address) VALUES (00000001, 'Bethan', 'Walker', 'Member', Null, '+447700900123', '+447400345678', 'butlerbeverley@example.net', '7 Emma row, East Lynn, PL3N 9TJ');
INSERT INTO Clients (Client_ID, First_Name, Last_Name, Client_Category, Relationship, Contact, Emergency_Contact, Email, Address) VALUES (00000002, 'Abdul', 'Clark', 'Guest', 'Spouse', '+447591002345', '+447301234567', 'irene01@example.org', 'Flat 85h, Elaine corners, Hayleybury, M44 5DX');
INSERT INTO Clients (Client_ID, First_Name, Last_Name, Client_Category, Relationship, Contact, Emergency_Contact, Email, Address) VALUES (00000003, 'Valerie', 'Brown', 'Guest', Null, '+447755678901', '+441414960187', 'mmartin@example.com', '461 Sheila manors, Lake Peterberg, CR5 8SD');
INSERT INTO Clients (Client_ID, First_Name, Last_Name, Client_Category, Relationship, Contact, Emergency_Contact, Email, Address) VALUES (00000004, 'Katie', 'Cooper', 'Member', Null, '+447123456789', '+441414960121', 'gibbonsruth@example.org', '62 Robinson shoals, Daviesfurt, CW1W 0QA');
INSERT INTO Clients (Client_ID, First_Name, Last_Name, Client_Category, Relationship, Contact, Emergency_Contact, Email, Address) VALUES (00000005, 'Gillian', 'Banks', 'Member', Null, '+448081570159', '+441414960049', 'ricky14@example.net', '312 King estate, North Allanside, W5 3HR');
INSERT INTO Clients (Client_ID, First_Name, Last_Name, Client_Category, Relationship, Contact, Emergency_Contact, Email, Address) VALUES (00000006, 'Shane', 'Goodwin', 'Guest', 'Child', '+447800987654', '+447999123456', 'uthomas@example.com', 'Studio 4, Myers place, Williammouth, S5F 7ZN');
INSERT INTO Clients (Client_ID, First_Name, Last_Name, Client_Category, Relationship, Contact, Emergency_Contact, Email, Address) VALUES (00000007, 'Amber', 'Cook', 'Member', Null, '+441214960218', '+447599654321', 'andrea85@example.com', 'Studio 44o, Jones ranch, New Shane, M92 8TN');
INSERT INTO Clients (Client_ID, First_Name, Last_Name, Client_Category, Relationship, Contact, Emergency_Contact, Email, Address) VALUES (00000008, 'Dorothy', 'Edwards', 'Guest', 'Parent', '+441144960429', '+441314960847', 'graemebrown@example.org', '8 Fox place, North Pamelafort, GU57 3XE');
INSERT INTO Clients (Client_ID, First_Name, Last_Name, Client_Category, Relationship, Contact, Emergency_Contact, Email, Address) VALUES (00000009, 'Andrew', 'Wilkinson', 'Guest', Null, '+447707890123', '+447500112233', 'carrolldale@example.net', '463 Summers vista, Fryside, S81 1ZB');
INSERT INTO Clients (Client_ID, First_Name, Last_Name, Client_Category, Relationship, Contact, Emergency_Contact, Email, Address) VALUES (00000010, 'Arthur', 'Roberts', 'Guest', 'Child', '+447851223344', '+447450334455', 'victoria95@example.org', '058 Sean valley, East Kieran, ST4 2TW');
INSERT INTO Clients (Client_ID, First_Name, Last_Name, Client_Category, Relationship, Contact, Emergency_Contact, Email, Address) VALUES (00000011, 'Beverley', 'Warner', 'Member', Null, '+447400445566', '+447789556677', 'andreataylor@example.net', '7 Jordan squares, New Debra, E5H 8FZ');
INSERT INTO Clients (Client_ID, First_Name, Last_Name, Client_Category, Relationship, Contact, Emergency_Contact, Email, Address) VALUES (00000012, 'Grace', 'Roberts', 'Member', Null, '+447123667788', '+447801778899', 'ismith@example.org', '163 Jacob orchard, East Ruth, TQ1A 7ZP');
INSERT INTO Clients (Client_ID, First_Name, Last_Name, Client_Category, Relationship, Contact, Emergency_Contact, Email, Address) VALUES (00000013, 'Marilyn', 'Watson', 'Guest', 'Child', '+447654889900', '+447403990011', 'janice51@example.com', '95 Scott motorway, Blackburnville, L47 1LH');
INSERT INTO Clients (Client_ID, First_Name, Last_Name, Client_Category, Relationship, Contact, Emergency_Contact, Email, Address) VALUES (00000014, 'Tina', 'Owens', 'Member', Null, '+441514960585', '+447598001122', 'stacey61@example.org', 'Flat 15, Brown mountains, Port Katemouth, B6C 7FH');
INSERT INTO Clients (Client_ID, First_Name, Last_Name, Client_Category, Relationship, Contact, Emergency_Contact, Email, Address) VALUES (00000015, 'Lindsey', 'Ellis', 'Member', Null, '+44890180260', '(+448081570798', 'wrightcaroline@example.com', '0 Bishop parks, West Ellieside, NW7X 6SN');
INSERT INTO Clients (Client_ID, First_Name, Last_Name, Client_Category, Relationship, Contact, Emergency_Contact, Email, Address) VALUES (00000016, 'Geoffrey', 'Morley', 'Guest', 'Sibling', '+441144960483', '+441144960518', 'terry28@example.org', 'Studio 24r, Leslie points, East Benjaminmouth, B2C 3HL');
INSERT INTO Clients (Client_ID, First_Name, Last_Name, Client_Category, Relationship, Contact, Emergency_Contact, Email, Address) VALUES (00000017, 'Carly', 'Horton', 'Member', Null, '+442079460997', '+441154960754', 'gracesmith@example.com', 'Flat 38Z, Brett crossroad, Williamstown, N2K 9SJ');
INSERT INTO Clients (Client_ID, First_Name, Last_Name, Client_Category, Relationship, Contact, Emergency_Contact, Email, Address) VALUES (00000018, 'Josh', 'White', 'Guest', 'Friend', '+44289018345', '+441914960023', 'kirkscott@example.org', '06 Paula street, North Gracetown, BR8X 8BX');
INSERT INTO Clients (Client_ID, First_Name, Last_Name, Client_Category, Relationship, Contact, Emergency_Contact, Email, Address) VALUES (00000019, 'Marc', 'Smith', 'Member', Null, '+441914960908', '+441174960656', 'damienlowe@example.com', '8 Nigel village, West Staceyview, W96 4SU');
INSERT INTO Clients (Client_ID, First_Name, Last_Name, Client_Category, Relationship, Contact, Emergency_Contact, Email, Address) VALUES (00000020, 'Deborah', 'Bartlett', 'Guest', Null, '+442074960789', '+441414960508', 'xedwards@example.org', 'Flat 6, Molly islands, Reidborough, L3 7QY');


-- STAFF

INSERT INTO Staff (Staff_ID, First_Name, Last_Name, Staff_Role, Specialization, Contact, Emergency_Contact, Salary) VALUES (00000100, 'Jamie', 'Williams', 'Instructor', 'Aerobic Fitness', '+44289018764', '+442074960752', 48778.00);
INSERT INTO Staff (Staff_ID, First_Name, Last_Name, Staff_Role, Specialization, Contact, Emergency_Contact, Salary) VALUES (00000200, 'Elaine', 'Quinn', 'Instructor', 'Core Exercises', '+448081570933', '+4420749 0791', 28765.00);
INSERT INTO Staff (Staff_ID, First_Name, Last_Name, Staff_Role, Specialization, Contact, Emergency_Contact, Salary) VALUES (00000300, 'Jeremy', 'Smith', 'Instructor', 'Pilates', '+441314960378', '+441632960987', 31755.00);
INSERT INTO Staff (Staff_ID, First_Name, Last_Name, Staff_Role, Specialization, Contact, Emergency_Contact, Salary) VALUES (00000400, 'Sharon', 'Jarvis', 'Trainer', 'Flexibility', '+441134960906', '+441174960681', 49190.00);
INSERT INTO Staff (Staff_ID, First_Name, Last_Name, Staff_Role, Specialization, Contact, Emergency_Contact, Salary) VALUES (00000500, 'Owen', 'Reynolds', 'Instructor', 'Yoga', '+441184960716', '+442074960855', 35325.00);
INSERT INTO Staff (Staff_ID, First_Name, Last_Name, Staff_Role, Specialization, Contact, Emergency_Contact, Salary) VALUES (00000600, 'Douglas', 'Potter', 'Trainer', 'Flexibility', '+449098790751', '+441414960712', 28310.00);
INSERT INTO Staff (Staff_ID, First_Name, Last_Name, Staff_Role, Specialization, Contact, Emergency_Contact, Salary) VALUES (00000700, 'Brett', 'Jones', 'Trainer', 'Cardio', '+443069990830', '+441184960802', 45890.00);
INSERT INTO Staff (Staff_ID, First_Name, Last_Name, Staff_Role, Specialization, Contact, Emergency_Contact, Salary) VALUES (00000800, 'Lydia', 'Pearson', 'Trainer', 'Cardio', '+441414960930', '+441164960374', 43220.00);
INSERT INTO Staff (Staff_ID, First_Name, Last_Name, Staff_Role, Specialization, Contact, Emergency_Contact, Salary) VALUES (00000900, 'Adrian', 'Powell', 'Trainer', 'Strength', '+441154960112', '+442074960110', 20035.00);
INSERT INTO Staff (Staff_ID, First_Name, Last_Name, Staff_Role, Specialization, Contact, Emergency_Contact, Salary) VALUES (00001000, 'Katie', 'Brown', 'Trainer', 'Flexibility', '+448081570037', '+441134960239', 35195.00);

-- FACILITIES

INSERT INTO Facilities (Facility_ID, Facility_Name, Facility_Location) VALUES (00010000, 'Facility 1', 'East Building');
INSERT INTO Facilities (Facility_ID, Facility_Name, Facility_Location) VALUES (00020000, 'Facility 2', 'West Building');
INSERT INTO Facilities (Facility_ID, Facility_Name, Facility_Location) VALUES (00030000, 'Facility 3', 'Lake side Building');
INSERT INTO Facilities (Facility_ID, Facility_Name, Facility_Location) VALUES (00040000, 'Facility 4', 'North Building');
INSERT INTO Facilities (Facility_ID, Facility_Name, Facility_Location) VALUES (00050000, 'Facility 5', 'South Building');


-- FITNESS CLASSES

INSERT INTO Fitness_Classes (Class_ID, Class_Name, Class_Type, Schedule, Instructor_ID, Available_Slots) VALUES (01000000, 'HIIT', 'Aerobic Fitness', to_date('2024-11-20 16:00', 'YYYY-MM-DD HH24:MI'), 00000100, 12);
INSERT INTO Fitness_Classes (Class_ID, Class_Name, Class_Type, Schedule, Instructor_ID, Available_Slots) VALUES (02000000, 'Outdoor', 'Core Exercises', to_date('2024-11-15 05:30', 'YYYY-MM-DD HH24:MI'), 00000200, 11);
INSERT INTO Fitness_Classes (Class_ID, Class_Name, Class_Type, Schedule, Instructor_ID, Available_Slots) VALUES (03000000, 'AMRAP', 'Pilates', to_date('2024-11-17 18:45', 'YYYY-MM-DD HH24:MI'), 00000300, 30);
INSERT INTO Fitness_Classes (Class_ID, Class_Name, Class_Type, Schedule, Instructor_ID, Available_Slots) VALUES (04000000, 'Outdoor', 'Yoga', to_date('2024-11-01 14:30', 'YYYY-MM-DD HH24:MI'), 00000500, 10);
INSERT INTO Fitness_Classes (Class_ID, Class_Name, Class_Type, Schedule, Instructor_ID, Available_Slots) VALUES (05000000, 'HIIT', 'Yoga', to_date('2024-11-25 11:30', 'YYYY-MM-DD HH24:MI'), 00000500, 22);
INSERT INTO Fitness_Classes (Class_ID, Class_Name, Class_Type, Schedule, Instructor_ID, Available_Slots) VALUES (06000000, 'Bodyweight', 'Yoga', to_date('2024-11-15 06:00', 'YYYY-MM-DD HH24:MI'), 00000500, 10);
INSERT INTO Fitness_Classes (Class_ID, Class_Name, Class_Type, Schedule, Instructor_ID, Available_Slots) VALUES (07000000, 'Bodyweight', 'Core Exercises', to_date('2024-11-05 15:30', 'YYYY-MM-DD HH24:MI'), 00000200, 14);
INSERT INTO Fitness_Classes (Class_ID, Class_Name, Class_Type, Schedule, Instructor_ID, Available_Slots) VALUES (08000000, 'Outdoor', 'Aerobic Fitness', to_date('2024-11-17 19:00', 'YYYY-MM-DD HH24:MI'), 00000100, 22);
INSERT INTO Fitness_Classes (Class_ID, Class_Name, Class_Type, Schedule, Instructor_ID, Available_Slots) VALUES (09000000, 'TRX', 'Aerobic Fitness', to_date('2024-11-10 09:45', 'YYYY-MM-DD HH24:MI'), 00000100, 21);
INSERT INTO Fitness_Classes (Class_ID, Class_Name, Class_Type, Schedule, Instructor_ID, Available_Slots) VALUES (10000000, 'AMRAP', 'Core Exercises', to_date('2024-11-22 20:00', 'YYYY-MM-DD HH24:MI'), 00000200, 11);


-- MEMBERSHIP
-- TODO CHANGE STATUS

INSERT INTO Membership (Membership_ID, Client_ID, Plan_Type, Start_Date, End_Date, Status, Price) VALUES (00000101, 00000001, 'Platinum', to_date('2024-05-10', 'YYYY-MM-DD'), to_date('2025-05-10', 'YYYY-MM-DD'), 'Active', 342.78);
INSERT INTO Membership (Membership_ID, Client_ID, Plan_Type, Start_Date, End_Date, Status, Price) VALUES (00000102, 00000004, 'Gold', to_date('2024-05-19', 'YYYY-MM-DD'), to_date('2024-11-19', 'YYYY-MM-DD'), 'Inactive', 363.65);
INSERT INTO Membership (Membership_ID, Client_ID, Plan_Type, Start_Date, End_Date, Status, Price) VALUES (00000103, 00000005, 'Gold', to_date('2024-10-13', 'YYYY-MM-DD'), to_date('2025-04-13', 'YYYY-MM-DD'), 'Active', 450.11);
INSERT INTO Membership (Membership_ID, Client_ID, Plan_Type, Start_Date, End_Date, Status, Price) VALUES (00000104, 00000007, 'Silver', to_date('2024-05-10', 'YYYY-MM-DD'), to_date('2025-07-08', 'YYYY-MM-DD'), 'Active', 434.75);
INSERT INTO Membership (Membership_ID, Client_ID, Plan_Type, Start_Date, End_Date, Status, Price) VALUES (00000105, 00000011, 'Silver', to_date('2024-01-12', 'YYYY-MM-DD'), to_date('2024-3-18', 'YYYY-MM-DD'), 'Inactive', 252.37);
INSERT INTO Membership (Membership_ID, Client_ID, Plan_Type, Start_Date, End_Date, Status, Price) VALUES (00000106, 00000012, 'Platinum', to_date('2024-05-03', 'YYYY-MM-DD'), to_date('2024-5-20', 'YYYY-MM-DD'), 'Inactive', 230.82);
INSERT INTO Membership (Membership_ID, Client_ID, Plan_Type, Start_Date, End_Date, Status, Price) VALUES (00000107, 00000014, 'Platinum', to_date('2024-09-01', 'YYYY-MM-DD'), to_date('2025-09-10', 'YYYY-MM-DD'), 'Active', 342.13);
INSERT INTO Membership (Membership_ID, Client_ID, Plan_Type, Start_Date, End_Date, Status, Price) VALUES (00000108, 00000015, 'Gold', to_date('2024-10-19', 'YYYY-MM-DD'), to_date('2025-04-20', 'YYYY-MM-DD'), 'Active', 79.48);
INSERT INTO Membership (Membership_ID, Client_ID, Plan_Type, Start_Date, End_Date, Status, Price) VALUES (00000109, 00000017, 'Gold', to_date('2024-02-24', 'YYYY-MM-DD'), to_date('2024-08-15', 'YYYY-MM-DD'), 'Inactive', 248.44);
INSERT INTO Membership (Membership_ID, Client_ID, Plan_Type, Start_Date, End_Date, Status, Price) VALUES (00000110, 00000019, 'Platinum', to_date('2024-08-08', 'YYYY-MM-DD'), to_date('2025-08-26', 'YYYY-MM-DD'), 'Active', 53.13);


-- DISCOUNTS

INSERT INTO Discounts (Discount_ID, Discount_Type, Discount_Code, Usage_Count, Revenue_Loss) VALUES (00011000, 'Referral', 'REFERME20', 0, 0.0);
INSERT INTO Discounts (Discount_ID, Discount_Type, Discount_Code, Usage_Count, Revenue_Loss) VALUES (00012000, 'Promotion', 'NEWYEAR2025', 0, 0.0);
INSERT INTO Discounts (Discount_ID, Discount_Type, Discount_Code, Usage_Count, Revenue_Loss) VALUES (00013000, 'Promotion', 'CHRISTMAS2024', 0, 0.0);
INSERT INTO Discounts (Discount_ID, Discount_Type, Discount_Code, Usage_Count, Revenue_Loss) VALUES (00014000, 'Promotion', 'DIWALI2025', 0, 0.0);


-- Personal_Training_Sessions

INSERT INTO Personal_Training_Sessions (Training_ID, Client_ID, Trainer_ID, Session_Schedule, Exercise_Type) VALUES (00100001, 00000001, 00000400, TO_TIMESTAMP('2024-11-11 14:51:03.883603', 'YYYY-MM-DD HH24:MI:SS:FF'), 'Calisthenics');
INSERT INTO Personal_Training_Sessions (Training_ID, Client_ID, Trainer_ID, Session_Schedule, Exercise_Type) VALUES (00100002, 00000004, 00000600, TO_TIMESTAMP('2024-11-02 06:16:37.431314', 'YYYY-MM-DD HH24:MI:SS:FF'), 'Cardio');
INSERT INTO Personal_Training_Sessions (Training_ID, Client_ID, Trainer_ID, Session_Schedule, Exercise_Type) VALUES (00100003, 00000005, 00000700, TO_TIMESTAMP('2024-11-02 07:57:03.590898', 'YYYY-MM-DD HH24:MI:SS:FF'), 'Strength Training');
INSERT INTO Personal_Training_Sessions (Training_ID, Client_ID, Trainer_ID, Session_Schedule, Exercise_Type) VALUES (00100004, 00000007, 00000800, TO_TIMESTAMP('2024-11-15 01:38:39.756307', 'YYYY-MM-DD HH24:MI:SS:FF'), 'Calisthenics');
INSERT INTO Personal_Training_Sessions (Training_ID, Client_ID, Trainer_ID, Session_Schedule, Exercise_Type) VALUES (00100005, 00000011, 00000900, TO_TIMESTAMP('2024-11-03 06:52:34.408842', 'YYYY-MM-DD HH24:MI:SS:FF'), 'Cardio');
INSERT INTO Personal_Training_Sessions (Training_ID, Client_ID, Trainer_ID, Session_Schedule, Exercise_Type) VALUES (00100006, 00000012, 00001000, TO_TIMESTAMP('2024-11-19 22:50:02.062975', 'YYYY-MM-DD HH24:MI:SS:FF'), 'Strength Training');
INSERT INTO Personal_Training_Sessions (Training_ID, Client_ID, Trainer_ID, Session_Schedule, Exercise_Type) VALUES (00100007, 00000014, 00000400, TO_TIMESTAMP('2024-11-24 17:58:40.590574', 'YYYY-MM-DD HH24:MI:SS:FF'), 'Calisthenics');
INSERT INTO Personal_Training_Sessions (Training_ID, Client_ID, Trainer_ID, Session_Schedule, Exercise_Type) VALUES (00100008, 00000015, 00000600, TO_TIMESTAMP('2024-11-12 00:50:31.533478', 'YYYY-MM-DD HH24:MI:SS:FF'), 'Cardio');
INSERT INTO Personal_Training_Sessions (Training_ID, Client_ID, Trainer_ID, Session_Schedule, Exercise_Type) VALUES (00100009, 00000017, 00000700, TO_TIMESTAMP('2024-11-12 18:25:18.753276', 'YYYY-MM-DD HH24:MI:SS:FF'), 'Strength Training');
INSERT INTO Personal_Training_Sessions (Training_ID, Client_ID, Trainer_ID, Session_Schedule, Exercise_Type) VALUES (00100010, 00000019, 00000800, TO_TIMESTAMP('2024-11-10 22:48:38.755188', 'YYYY-MM-DD HH24:MI:SS:FF'), 'Calisthenics');

INSERT INTO Personal_Training_Sessions (Training_ID, Client_ID, Trainer_ID, Session_Schedule, Exercise_Type) VALUES (00100011, 00000004, 00000800, TO_TIMESTAMP('2024-11-11 14:51:03.883603', 'YYYY-MM-DD HH24:MI:SS:FF'), 'Calisthenics');
INSERT INTO Personal_Training_Sessions (Training_ID, Client_ID, Trainer_ID, Session_Schedule, Exercise_Type) VALUES (00100012, 00000001, 00000900, TO_TIMESTAMP('2024-11-02 06:16:37.431314', 'YYYY-MM-DD HH24:MI:SS:FF'), 'Cardio');
INSERT INTO Personal_Training_Sessions (Training_ID, Client_ID, Trainer_ID, Session_Schedule, Exercise_Type) VALUES (00100013, 00000014, 00001000, TO_TIMESTAMP('2024-11-02 07:57:03.590898', 'YYYY-MM-DD HH24:MI:SS:FF'), 'Strength Training');
INSERT INTO Personal_Training_Sessions (Training_ID, Client_ID, Trainer_ID, Session_Schedule, Exercise_Type) VALUES (00100014, 00000007, 00000400, TO_TIMESTAMP('2024-11-16 01:38:39.756307', 'YYYY-MM-DD HH24:MI:SS:FF'), 'Calisthenics');
INSERT INTO Personal_Training_Sessions (Training_ID, Client_ID, Trainer_ID, Session_Schedule, Exercise_Type) VALUES (00100015, 00000014, 00000600, TO_TIMESTAMP('2024-11-13 06:52:34.408842', 'YYYY-MM-DD HH24:MI:SS:FF'), 'Cardio');
INSERT INTO Personal_Training_Sessions (Training_ID, Client_ID, Trainer_ID, Session_Schedule, Exercise_Type) VALUES (00100016, 00000001, 00001000, TO_TIMESTAMP('2024-11-15 22:50:02.062975', 'YYYY-MM-DD HH24:MI:SS:FF'), 'Strength Training');
INSERT INTO Personal_Training_Sessions (Training_ID, Client_ID, Trainer_ID, Session_Schedule, Exercise_Type) VALUES (00100017, 00000014, 00000400, TO_TIMESTAMP('2024-11-29 17:58:40.590574', 'YYYY-MM-DD HH24:MI:SS:FF'), 'Calisthenics');
INSERT INTO Personal_Training_Sessions (Training_ID, Client_ID, Trainer_ID, Session_Schedule, Exercise_Type) VALUES (00100018, 00000007, 00000600, TO_TIMESTAMP('2024-11-12 00:50:31.533478', 'YYYY-MM-DD HH24:MI:SS:FF'), 'Cardio');
INSERT INTO Personal_Training_Sessions (Training_ID, Client_ID, Trainer_ID, Session_Schedule, Exercise_Type) VALUES (00100019, 00000004, 00000700, TO_TIMESTAMP('2024-11-12 18:25:18.753276', 'YYYY-MM-DD HH24:MI:SS:FF'), 'Strength Training');
INSERT INTO Personal_Training_Sessions (Training_ID, Client_ID, Trainer_ID, Session_Schedule, Exercise_Type) VALUES (00100020, 00000001, 00000800, TO_TIMESTAMP('2024-11-10 22:48:38.755188', 'YYYY-MM-DD HH24:MI:SS:FF'), 'Calisthenics');

-- HEALTH ASSESSMENTS

INSERT INTO Health_Assessments (Assessment_ID, Client_ID, Trainer_ID, Assessment_Time, Weight, BMI, Body_Fat_Percentage) VALUES (10010010, 00000001, 00000400, to_timestamp('2024-02-20 13:10:56.384739', 'YYYY-MM-DD HH24:MI:SS:FF'), 82.41, 29.16, 36.9);
INSERT INTO Health_Assessments (Assessment_ID, Client_ID, Trainer_ID, Assessment_Time, Weight, BMI, Body_Fat_Percentage) VALUES (10010011, 00000004, 00000600, to_timestamp('2024-03-06 12:54:28.064248', 'YYYY-MM-DD HH24:MI:SS:FF'), 77.06, 22.54, 27.0);
INSERT INTO Health_Assessments (Assessment_ID, Client_ID, Trainer_ID, Assessment_Time, Weight, BMI, Body_Fat_Percentage) VALUES (10010012, 00000005, 00000700, to_timestamp('2024-04-17 12:49:50.370394', 'YYYY-MM-DD HH24:MI:SS:FF'), 72.27, 19.14, 25.7);
INSERT INTO Health_Assessments (Assessment_ID, Client_ID, Trainer_ID, Assessment_Time, Weight, BMI, Body_Fat_Percentage) VALUES (10010013, 00000007, 00000800, to_timestamp('2024-01-25 10:53:39.043383', 'YYYY-MM-DD HH24:MI:SS:FF'), 70.51, 24.05, 11.68);
INSERT INTO Health_Assessments (Assessment_ID, Client_ID, Trainer_ID, Assessment_Time, Weight, BMI, Body_Fat_Percentage) VALUES (10010014, 00000011, 00000900, to_timestamp('2024-11-01 20:42:08.104667', 'YYYY-MM-DD HH24:MI:SS:FF'), 76.41, 22.12, 19.24);
INSERT INTO Health_Assessments (Assessment_ID, Client_ID, Trainer_ID, Assessment_Time, Weight, BMI, Body_Fat_Percentage) VALUES (10010015, 00000012, 00001000, to_timestamp('2024-09-06 18:44:41.331434', 'YYYY-MM-DD HH24:MI:SS:FF'), 56.63, 21.1, 28.26);
INSERT INTO Health_Assessments (Assessment_ID, Client_ID, Trainer_ID, Assessment_Time, Weight, BMI, Body_Fat_Percentage) VALUES (10010016, 00000014, 00000400, to_timestamp('2024-11-04 08:47:27.612969', 'YYYY-MM-DD HH24:MI:SS:FF'), 89.99, 26.25, 26.62);
INSERT INTO Health_Assessments (Assessment_ID, Client_ID, Trainer_ID, Assessment_Time, Weight, BMI, Body_Fat_Percentage) VALUES (10010017, 00000015, 00000600, to_timestamp('2024-04-01 09:12:11.560210', 'YYYY-MM-DD HH24:MI:SS:FF'), 66.04, 27.04, 13.73);
INSERT INTO Health_Assessments (Assessment_ID, Client_ID, Trainer_ID, Assessment_Time, Weight, BMI, Body_Fat_Percentage) VALUES (10010018, 00000017, 00000700, to_timestamp('2024-01-22 17:52:34.653641', 'YYYY-MM-DD HH24:MI:SS:FF'), 65.83, 24.53, 18.26);
INSERT INTO Health_Assessments (Assessment_ID, Client_ID, Trainer_ID, Assessment_Time, Weight, BMI, Body_Fat_Percentage) VALUES (10010019, 00000019, 00000800, to_timestamp('2024-08-15 15:31:37.468016', 'YYYY-MM-DD HH24:MI:SS:FF'), 54.94, 26.67, 37.5);



-- GYM ATTENDANCE

INSERT INTO Gym_Attendance (Attendance_ID, Client_ID, Check_in, Check_out, Facility_ID) VALUES (10001001, 00000001, to_timestamp('2024-11-17 10:58:06.256762', 'YYYY-MM-DD HH24:MI:SS:FF'), to_timestamp('2024-11-17 21:54:57.804243', 'YYYY-MM-DD HH24:MI:SS:FF'), 00010000);
INSERT INTO Gym_Attendance (Attendance_ID, Client_ID, Check_in, Check_out, Facility_ID) VALUES (10001002, 00000004, to_timestamp('2024-11-12 16:27:56.106181', 'YYYY-MM-DD HH24:MI:SS:FF'), to_timestamp('2024-11-15 20:32:42.535105', 'YYYY-MM-DD HH24:MI:SS:FF'), 00020000);
INSERT INTO Gym_Attendance (Attendance_ID, Client_ID, Check_in, Check_out, Facility_ID) VALUES (10001003, 00000005, to_timestamp('2024-11-02 00:27:09.510413', 'YYYY-MM-DD HH24:MI:SS:FF'), to_timestamp('2024-11-02 16:22:50.755512', 'YYYY-MM-DD HH24:MI:SS:FF'), 00030000);
INSERT INTO Gym_Attendance (Attendance_ID, Client_ID, Check_in, Check_out, Facility_ID) VALUES (10001004, 00000007, to_timestamp('2024-11-02 05:55:08.228431', 'YYYY-MM-DD HH24:MI:SS:FF'), to_timestamp('2024-11-02 07:05:39.993567', 'YYYY-MM-DD HH24:MI:SS:FF'), 00040000);
INSERT INTO Gym_Attendance (Attendance_ID, Client_ID, Check_in, Check_out, Facility_ID) VALUES (10001005, 00000011, to_timestamp('2024-11-05 06:20:39.220176', 'YYYY-MM-DD HH24:MI:SS:FF'), to_timestamp('2024-11-05 09:06:28.339086', 'YYYY-MM-DD HH24:MI:SS:FF'), 00050000);
INSERT INTO Gym_Attendance (Attendance_ID, Client_ID, Check_in, Check_out, Facility_ID) VALUES (10001006, 00000012, to_timestamp('2024-11-19 07:33:16.296696', 'YYYY-MM-DD HH24:MI:SS:FF'), to_timestamp('2024-11-19 11:55:13.619340', 'YYYY-MM-DD HH24:MI:SS:FF'), 00010000);
INSERT INTO Gym_Attendance (Attendance_ID, Client_ID, Check_in, Check_out, Facility_ID) VALUES (10001007, 00000014, to_timestamp('2024-11-21 11:31:43.807801', 'YYYY-MM-DD HH24:MI:SS:FF'), to_timestamp('2024-11-21 14:52:44.837924', 'YYYY-MM-DD HH24:MI:SS:FF'), 00020000);
INSERT INTO Gym_Attendance (Attendance_ID, Client_ID, Check_in, Check_out, Facility_ID) VALUES (10001008, 00000015, to_timestamp('2024-11-17 18:03:49.815275', 'YYYY-MM-DD HH24:MI:SS:FF'), to_timestamp('2024-11-17 21:14:43.707832', 'YYYY-MM-DD HH24:MI:SS:FF'), 00030000);
INSERT INTO Gym_Attendance (Attendance_ID, Client_ID, Check_in, Check_out, Facility_ID) VALUES (10001009, 00000017, to_timestamp('2024-11-22 18:00:21.729636', 'YYYY-MM-DD HH24:MI:SS:FF'), to_timestamp('2024-11-22 20:39:47.778137', 'YYYY-MM-DD HH24:MI:SS:FF'), 00040000);
INSERT INTO Gym_Attendance (Attendance_ID, Client_ID, Check_in, Check_out, Facility_ID) VALUES (10001010, 00000019, to_timestamp('2024-11-09 19:37:26.840638', 'YYYY-MM-DD HH24:MI:SS:FF'), to_timestamp('2024-11-09 21:35:55.654264', 'YYYY-MM-DD HH24:MI:SS:FF'), 00050000);
-- INSERT INTO Gym_Attendance (Attendance_ID, Client_ID, Check_in, Check_out, Facility_ID) VALUES (10001011, 00000001, TO_TIMESTAMP('2024-11-05 19:03:39.000000', 'YYYY-MM-DD HH24:MI:SS.FF'), TO_TIMESTAMP('2024-11-05 21:03:39.000000', 'YYYY-MM-DD HH24:MI:SS.FF'), 00050000);
INSERT INTO Gym_Attendance (Attendance_ID, Client_ID, Check_in, Check_out, Facility_ID) VALUES (10001012, 00000001, TO_TIMESTAMP('2024-11-07 23:11:47.000000', 'YYYY-MM-DD HH24:MI:SS.FF'), TO_TIMESTAMP('2024-11-08 00:11:47.000000', 'YYYY-MM-DD HH24:MI:SS.FF'), 00050000);
INSERT INTO Gym_Attendance (Attendance_ID, Client_ID, Check_in, Check_out, Facility_ID) VALUES (10001013, 00000001, TO_TIMESTAMP('2024-11-15 03:15:36.000000', 'YYYY-MM-DD HH24:MI:SS.FF'), TO_TIMESTAMP('2024-11-15 04:15:36.000000', 'YYYY-MM-DD HH24:MI:SS.FF'), 00010000);
INSERT INTO Gym_Attendance (Attendance_ID, Client_ID, Check_in, Check_out, Facility_ID) VALUES (10001014, 00000001, TO_TIMESTAMP('2024-11-02 09:04:13.000000', 'YYYY-MM-DD HH24:MI:SS.FF'), TO_TIMESTAMP('2024-11-02 11:04:13.000000', 'YYYY-MM-DD HH24:MI:SS.FF'), 00030000);
INSERT INTO Gym_Attendance (Attendance_ID, Client_ID, Check_in, Check_out, Facility_ID) VALUES (10001015, 00000002, TO_TIMESTAMP('2024-11-20 17:54:48.000000', 'YYYY-MM-DD HH24:MI:SS.FF'), TO_TIMESTAMP('2024-11-20 19:54:48.000000', 'YYYY-MM-DD HH24:MI:SS.FF'), 00050000);
INSERT INTO Gym_Attendance (Attendance_ID, Client_ID, Check_in, Check_out, Facility_ID) VALUES (10001016, 00000002, TO_TIMESTAMP('2024-11-02 16:09:58.000000', 'YYYY-MM-DD HH24:MI:SS.FF'), TO_TIMESTAMP('2024-11-02 17:09:58.000000', 'YYYY-MM-DD HH24:MI:SS.FF'), 00010000);
INSERT INTO Gym_Attendance (Attendance_ID, Client_ID, Check_in, Check_out, Facility_ID) VALUES (10001017, 00000002, TO_TIMESTAMP('2024-11-13 00:05:58.000000', 'YYYY-MM-DD HH24:MI:SS.FF'), TO_TIMESTAMP('2024-11-13 02:05:58.000000', 'YYYY-MM-DD HH24:MI:SS.FF'), 00010000);
INSERT INTO Gym_Attendance (Attendance_ID, Client_ID, Check_in, Check_out, Facility_ID) VALUES (10001018, 00000002, TO_TIMESTAMP('2024-11-05 16:29:42.000000', 'YYYY-MM-DD HH24:MI:SS.FF'), TO_TIMESTAMP('2024-11-05 17:29:42.000000', 'YYYY-MM-DD HH24:MI:SS.FF'), 00020000);
INSERT INTO Gym_Attendance (Attendance_ID, Client_ID, Check_in, Check_out, Facility_ID) VALUES (10001019, 00000002, TO_TIMESTAMP('2024-11-08 12:03:41.000000', 'YYYY-MM-DD HH24:MI:SS.FF'), TO_TIMESTAMP('2024-11-08 13:03:41.000000', 'YYYY-MM-DD HH24:MI:SS.FF'), 00020000);
INSERT INTO Gym_Attendance (Attendance_ID, Client_ID, Check_in, Check_out, Facility_ID) VALUES (10001020, 00000002, TO_TIMESTAMP('2024-11-20 22:56:37.000000', 'YYYY-MM-DD HH24:MI:SS.FF'), TO_TIMESTAMP('2024-11-21 00:56:37.000000', 'YYYY-MM-DD HH24:MI:SS.FF'), 00040000);
INSERT INTO Gym_Attendance (Attendance_ID, Client_ID, Check_in, Check_out, Facility_ID) VALUES (10001021, 00000002, TO_TIMESTAMP('2024-11-16 04:43:29.000000', 'YYYY-MM-DD HH24:MI:SS.FF'), TO_TIMESTAMP('2024-11-16 07:43:29.000000', 'YYYY-MM-DD HH24:MI:SS.FF'), 00050000);
INSERT INTO Gym_Attendance (Attendance_ID, Client_ID, Check_in, Check_out, Facility_ID) VALUES (10001022, 00000002, TO_TIMESTAMP('2024-11-28 18:54:06.000000', 'YYYY-MM-DD HH24:MI:SS.FF'), TO_TIMESTAMP('2024-11-28 19:54:06.000000', 'YYYY-MM-DD HH24:MI:SS.FF'), 00040000);
INSERT INTO Gym_Attendance (Attendance_ID, Client_ID, Check_in, Check_out, Facility_ID) VALUES (10001023, 00000002, TO_TIMESTAMP('2024-11-04 20:31:52.000000', 'YYYY-MM-DD HH24:MI:SS.FF'), TO_TIMESTAMP('2024-11-04 23:31:52.000000', 'YYYY-MM-DD HH24:MI:SS.FF'), 00010000);
INSERT INTO Gym_Attendance (Attendance_ID, Client_ID, Check_in, Check_out, Facility_ID) VALUES (10001024, 00000002, TO_TIMESTAMP('2024-11-20 07:17:29.000000', 'YYYY-MM-DD HH24:MI:SS.FF'), TO_TIMESTAMP('2024-11-20 10:17:29.000000', 'YYYY-MM-DD HH24:MI:SS.FF'), 00020000);
INSERT INTO Gym_Attendance (Attendance_ID, Client_ID, Check_in, Check_out, Facility_ID) VALUES (10001025, 00000002, TO_TIMESTAMP('2024-11-09 23:01:09.000000', 'YYYY-MM-DD HH24:MI:SS.FF'), TO_TIMESTAMP('2024-11-10 02:01:09.000000', 'YYYY-MM-DD HH24:MI:SS.FF'), 00040000);
INSERT INTO Gym_Attendance (Attendance_ID, Client_ID, Check_in, Check_out, Facility_ID) VALUES (10001026, 00000002, TO_TIMESTAMP('2024-11-27 04:59:26.000000', 'YYYY-MM-DD HH24:MI:SS.FF'), TO_TIMESTAMP('2024-11-27 07:59:26.000000', 'YYYY-MM-DD HH24:MI:SS.FF'), 00020000);
INSERT INTO Gym_Attendance (Attendance_ID, Client_ID, Check_in, Check_out, Facility_ID) VALUES (10001027, 00000002, TO_TIMESTAMP('2024-11-05 13:20:12.000000', 'YYYY-MM-DD HH24:MI:SS.FF'), TO_TIMESTAMP('2024-11-05 15:20:12.000000', 'YYYY-MM-DD HH24:MI:SS.FF'), 00030000);
INSERT INTO Gym_Attendance (Attendance_ID, Client_ID, Check_in, Check_out, Facility_ID) VALUES (10001028, 00000002, TO_TIMESTAMP('2024-11-08 04:13:27.000000', 'YYYY-MM-DD HH24:MI:SS.FF'), TO_TIMESTAMP('2024-11-08 06:13:27.000000', 'YYYY-MM-DD HH24:MI:SS.FF'), 00010000);
INSERT INTO Gym_Attendance (Attendance_ID, Client_ID, Check_in, Check_out, Facility_ID) VALUES (10001029, 00000002, TO_TIMESTAMP('2024-11-28 00:56:49.000000', 'YYYY-MM-DD HH24:MI:SS.FF'), TO_TIMESTAMP('2024-11-28 03:56:49.000000', 'YYYY-MM-DD HH24:MI:SS.FF'), 00030000);
INSERT INTO Gym_Attendance (Attendance_ID, Client_ID, Check_in, Check_out, Facility_ID) VALUES (10001030, 00000002, TO_TIMESTAMP('2024-11-28 06:43:03.000000', 'YYYY-MM-DD HH24:MI:SS.FF'), TO_TIMESTAMP('2024-11-28 09:43:03.000000', 'YYYY-MM-DD HH24:MI:SS.FF'), 00020000);
INSERT INTO Gym_Attendance (Attendance_ID, Client_ID, Check_in, Check_out, Facility_ID) VALUES (10001031, 00000002, TO_TIMESTAMP('2024-11-02 03:29:49.000000', 'YYYY-MM-DD HH24:MI:SS.FF'), TO_TIMESTAMP('2024-11-02 06:29:49.000000', 'YYYY-MM-DD HH24:MI:SS.FF'), 00010000);
INSERT INTO Gym_Attendance (Attendance_ID, Client_ID, Check_in, Check_out, Facility_ID) VALUES (10001032, 00000002, TO_TIMESTAMP('2024-11-20 04:05:44.000000', 'YYYY-MM-DD HH24:MI:SS.FF'), TO_TIMESTAMP('2024-11-20 07:05:44.000000', 'YYYY-MM-DD HH24:MI:SS.FF'), 00010000);
INSERT INTO Gym_Attendance (Attendance_ID, Client_ID, Check_in, Check_out, Facility_ID) VALUES (10001033, 00000002, TO_TIMESTAMP('2024-11-01 23:59:27.000000', 'YYYY-MM-DD HH24:MI:SS.FF'), TO_TIMESTAMP('2024-11-02 00:59:27.000000', 'YYYY-MM-DD HH24:MI:SS.FF'), 00020000);
INSERT INTO Gym_Attendance (Attendance_ID, Client_ID, Check_in, Check_out, Facility_ID) VALUES (10001034, 00000002, TO_TIMESTAMP('2024-11-05 20:57:39.000000', 'YYYY-MM-DD HH24:MI:SS.FF'), TO_TIMESTAMP('2024-11-05 22:57:39.000000', 'YYYY-MM-DD HH24:MI:SS.FF'), 00040000);
INSERT INTO Gym_Attendance (Attendance_ID, Client_ID, Check_in, Check_out, Facility_ID) VALUES (10001035, 00000003, TO_TIMESTAMP('2024-11-12 08:30:20.000000', 'YYYY-MM-DD HH24:MI:SS.FF'), TO_TIMESTAMP('2024-11-12 11:30:20.000000', 'YYYY-MM-DD HH24:MI:SS.FF'), 00030000);
INSERT INTO Gym_Attendance (Attendance_ID, Client_ID, Check_in, Check_out, Facility_ID) VALUES (10001036, 00000003, TO_TIMESTAMP('2024-11-27 11:16:32.000000', 'YYYY-MM-DD HH24:MI:SS.FF'), TO_TIMESTAMP('2024-11-27 13:16:32.000000', 'YYYY-MM-DD HH24:MI:SS.FF'), 00050000);
INSERT INTO Gym_Attendance (Attendance_ID, Client_ID, Check_in, Check_out, Facility_ID) VALUES (10001037, 00000003, TO_TIMESTAMP('2024-11-24 15:50:14.000000', 'YYYY-MM-DD HH24:MI:SS.FF'), TO_TIMESTAMP('2024-11-24 18:50:14.000000', 'YYYY-MM-DD HH24:MI:SS.FF'), 00030000);
INSERT INTO Gym_Attendance (Attendance_ID, Client_ID, Check_in, Check_out, Facility_ID) VALUES (10001038, 00000003, TO_TIMESTAMP('2024-11-12 11:19:05.000000', 'YYYY-MM-DD HH24:MI:SS.FF'), TO_TIMESTAMP('2024-11-12 12:19:05.000000', 'YYYY-MM-DD HH24:MI:SS.FF'), 00020000);
INSERT INTO Gym_Attendance (Attendance_ID, Client_ID, Check_in, Check_out, Facility_ID) VALUES (10001039, 00000003, TO_TIMESTAMP('2024-11-20 07:22:00.000000', 'YYYY-MM-DD HH24:MI:SS.FF'), TO_TIMESTAMP('2024-11-20 09:22:00.000000', 'YYYY-MM-DD HH24:MI:SS.FF'), 00030000);
INSERT INTO Gym_Attendance (Attendance_ID, Client_ID, Check_in, Check_out, Facility_ID) VALUES (10001040, 00000003, TO_TIMESTAMP('2024-11-16 15:55:56.000000', 'YYYY-MM-DD HH24:MI:SS.FF'), TO_TIMESTAMP('2024-11-16 18:55:56.000000', 'YYYY-MM-DD HH24:MI:SS.FF'), 00040000);
INSERT INTO Gym_Attendance (Attendance_ID, Client_ID, Check_in, Check_out, Facility_ID) VALUES (10001041, 00000003, TO_TIMESTAMP('2024-11-19 22:15:47.000000', 'YYYY-MM-DD HH24:MI:SS.FF'), TO_TIMESTAMP('2024-11-20 01:15:47.000000', 'YYYY-MM-DD HH24:MI:SS.FF'), 00030000);
INSERT INTO Gym_Attendance (Attendance_ID, Client_ID, Check_in, Check_out, Facility_ID) VALUES (10001042, 00000004, TO_TIMESTAMP('2024-11-29 14:19:02.000000', 'YYYY-MM-DD HH24:MI:SS.FF'), TO_TIMESTAMP('2024-11-29 17:19:02.000000', 'YYYY-MM-DD HH24:MI:SS.FF'), 00010000);
INSERT INTO Gym_Attendance (Attendance_ID, Client_ID, Check_in, Check_out, Facility_ID) VALUES (10001043, 00000004, TO_TIMESTAMP('2024-11-22 18:05:32.000000', 'YYYY-MM-DD HH24:MI:SS.FF'), TO_TIMESTAMP('2024-11-22 19:05:32.000000', 'YYYY-MM-DD HH24:MI:SS.FF'), 00050000);
INSERT INTO Gym_Attendance (Attendance_ID, Client_ID, Check_in, Check_out, Facility_ID) VALUES (10001044, 00000004, TO_TIMESTAMP('2024-11-28 21:27:24.000000', 'YYYY-MM-DD HH24:MI:SS.FF'), TO_TIMESTAMP('2024-11-29 00:27:24.000000', 'YYYY-MM-DD HH24:MI:SS.FF'), 00010000);
INSERT INTO Gym_Attendance (Attendance_ID, Client_ID, Check_in, Check_out, Facility_ID) VALUES (10001045, 00000004, TO_TIMESTAMP('2024-11-17 14:35:37.000000', 'YYYY-MM-DD HH24:MI:SS.FF'), TO_TIMESTAMP('2024-11-17 17:35:37.000000', 'YYYY-MM-DD HH24:MI:SS.FF'), 00010000);
INSERT INTO Gym_Attendance (Attendance_ID, Client_ID, Check_in, Check_out, Facility_ID) VALUES (10001046, 00000004, TO_TIMESTAMP('2024-11-03 07:46:10.000000', 'YYYY-MM-DD HH24:MI:SS.FF'), TO_TIMESTAMP('2024-11-03 09:46:10.000000', 'YYYY-MM-DD HH24:MI:SS.FF'), 00040000);
INSERT INTO Gym_Attendance (Attendance_ID, Client_ID, Check_in, Check_out, Facility_ID) VALUES (10001047, 00000004, TO_TIMESTAMP('2024-11-18 03:43:37.000000', 'YYYY-MM-DD HH24:MI:SS.FF'), TO_TIMESTAMP('2024-11-18 06:43:37.000000', 'YYYY-MM-DD HH24:MI:SS.FF'), 00040000);
INSERT INTO Gym_Attendance (Attendance_ID, Client_ID, Check_in, Check_out, Facility_ID) VALUES (10001048, 00000004, TO_TIMESTAMP('2024-11-27 06:56:38.000000', 'YYYY-MM-DD HH24:MI:SS.FF'), TO_TIMESTAMP('2024-11-27 07:56:38.000000', 'YYYY-MM-DD HH24:MI:SS.FF'), 00040000);
INSERT INTO Gym_Attendance (Attendance_ID, Client_ID, Check_in, Check_out, Facility_ID) VALUES (10001049, 00000004, TO_TIMESTAMP('2024-11-22 11:55:56.000000', 'YYYY-MM-DD HH24:MI:SS.FF'), TO_TIMESTAMP('2024-11-22 14:55:56.000000', 'YYYY-MM-DD HH24:MI:SS.FF'), 00040000);
INSERT INTO Gym_Attendance (Attendance_ID, Client_ID, Check_in, Check_out, Facility_ID) VALUES (10001050, 00000004, TO_TIMESTAMP('2024-11-22 10:58:17.000000', 'YYYY-MM-DD HH24:MI:SS.FF'), TO_TIMESTAMP('2024-11-22 13:58:17.000000', 'YYYY-MM-DD HH24:MI:SS.FF'), 00020000);
INSERT INTO Gym_Attendance (Attendance_ID, Client_ID, Check_in, Check_out, Facility_ID) VALUES (10001051, 00000004, TO_TIMESTAMP('2024-11-22 18:42:39.000000', 'YYYY-MM-DD HH24:MI:SS.FF'), TO_TIMESTAMP('2024-11-22 19:42:39.000000', 'YYYY-MM-DD HH24:MI:SS.FF'), 00020000);
INSERT INTO Gym_Attendance (Attendance_ID, Client_ID, Check_in, Check_out, Facility_ID) VALUES (10001052, 00000004, TO_TIMESTAMP('2024-11-04 00:01:35.000000', 'YYYY-MM-DD HH24:MI:SS.FF'), TO_TIMESTAMP('2024-11-04 02:01:35.000000', 'YYYY-MM-DD HH24:MI:SS.FF'), 00030000);
INSERT INTO Gym_Attendance (Attendance_ID, Client_ID, Check_in, Check_out, Facility_ID) VALUES (10001053, 00000004, TO_TIMESTAMP('2024-11-01 07:03:29.000000', 'YYYY-MM-DD HH24:MI:SS.FF'), TO_TIMESTAMP('2024-11-01 08:03:29.000000', 'YYYY-MM-DD HH24:MI:SS.FF'), 00040000);
INSERT INTO Gym_Attendance (Attendance_ID, Client_ID, Check_in, Check_out, Facility_ID) VALUES (10001054, 00000004, TO_TIMESTAMP('2024-11-24 22:56:41.000000', 'YYYY-MM-DD HH24:MI:SS.FF'), TO_TIMESTAMP('2024-11-24 23:56:41.000000', 'YYYY-MM-DD HH24:MI:SS.FF'), 00040000);
INSERT INTO Gym_Attendance (Attendance_ID, Client_ID, Check_in, Check_out, Facility_ID) VALUES (10001055, 00000004, TO_TIMESTAMP('2024-11-01 10:22:30.000000', 'YYYY-MM-DD HH24:MI:SS.FF'), TO_TIMESTAMP('2024-11-01 11:22:30.000000', 'YYYY-MM-DD HH24:MI:SS.FF'), 00010000);
INSERT INTO Gym_Attendance (Attendance_ID, Client_ID, Check_in, Check_out, Facility_ID) VALUES (10001056, 00000004, TO_TIMESTAMP('2024-11-03 07:34:27.000000', 'YYYY-MM-DD HH24:MI:SS.FF'), TO_TIMESTAMP('2024-11-03 09:34:27.000000', 'YYYY-MM-DD HH24:MI:SS.FF'), 00040000);
INSERT INTO Gym_Attendance (Attendance_ID, Client_ID, Check_in, Check_out, Facility_ID) VALUES (10001057, 00000004, TO_TIMESTAMP('2024-11-06 19:37:23.000000', 'YYYY-MM-DD HH24:MI:SS.FF'), TO_TIMESTAMP('2024-11-06 22:37:23.000000', 'YYYY-MM-DD HH24:MI:SS.FF'), 00040000);
INSERT INTO Gym_Attendance (Attendance_ID, Client_ID, Check_in, Check_out, Facility_ID) VALUES (10001058, 00000004, TO_TIMESTAMP('2024-11-11 00:38:15.000000', 'YYYY-MM-DD HH24:MI:SS.FF'), TO_TIMESTAMP('2024-11-11 03:38:15.000000', 'YYYY-MM-DD HH24:MI:SS.FF'), 00020000);
INSERT INTO Gym_Attendance (Attendance_ID, Client_ID, Check_in, Check_out, Facility_ID) VALUES (10001059, 00000004, TO_TIMESTAMP('2024-11-23 09:47:32.000000', 'YYYY-MM-DD HH24:MI:SS.FF'), TO_TIMESTAMP('2024-11-23 11:47:32.000000', 'YYYY-MM-DD HH24:MI:SS.FF'), 00020000);
INSERT INTO Gym_Attendance (Attendance_ID, Client_ID, Check_in, Check_out, Facility_ID) VALUES (10001060, 00000004, TO_TIMESTAMP('2024-11-13 15:55:45.000000', 'YYYY-MM-DD HH24:MI:SS.FF'), TO_TIMESTAMP('2024-11-13 16:55:45.000000', 'YYYY-MM-DD HH24:MI:SS.FF'), 00030000);
INSERT INTO Gym_Attendance (Attendance_ID, Client_ID, Check_in, Check_out, Facility_ID) VALUES (10001061, 00000004, TO_TIMESTAMP('2024-11-21 01:11:59.000000', 'YYYY-MM-DD HH24:MI:SS.FF'), TO_TIMESTAMP('2024-11-21 03:11:59.000000', 'YYYY-MM-DD HH24:MI:SS.FF'), 00050000);
INSERT INTO Gym_Attendance (Attendance_ID, Client_ID, Check_in, Check_out, Facility_ID) VALUES (10001062, 00000005, TO_TIMESTAMP('2024-11-23 20:24:05.000000', 'YYYY-MM-DD HH24:MI:SS.FF'), TO_TIMESTAMP('2024-11-23 23:24:05.000000', 'YYYY-MM-DD HH24:MI:SS.FF'), 00020000);
INSERT INTO Gym_Attendance (Attendance_ID, Client_ID, Check_in, Check_out, Facility_ID) VALUES (10001063, 00000005, TO_TIMESTAMP('2024-11-16 08:56:36.000000', 'YYYY-MM-DD HH24:MI:SS.FF'), TO_TIMESTAMP('2024-11-16 11:56:36.000000', 'YYYY-MM-DD HH24:MI:SS.FF'), 00020000);
INSERT INTO Gym_Attendance (Attendance_ID, Client_ID, Check_in, Check_out, Facility_ID) VALUES (10001064, 00000005, TO_TIMESTAMP('2024-11-16 07:31:02.000000', 'YYYY-MM-DD HH24:MI:SS.FF'), TO_TIMESTAMP('2024-11-16 09:31:02.000000', 'YYYY-MM-DD HH24:MI:SS.FF'), 00010000);
INSERT INTO Gym_Attendance (Attendance_ID, Client_ID, Check_in, Check_out, Facility_ID) VALUES (10001065, 00000005, TO_TIMESTAMP('2024-11-09 00:08:28.000000', 'YYYY-MM-DD HH24:MI:SS.FF'), TO_TIMESTAMP('2024-11-09 02:08:28.000000', 'YYYY-MM-DD HH24:MI:SS.FF'), 00040000);
INSERT INTO Gym_Attendance (Attendance_ID, Client_ID, Check_in, Check_out, Facility_ID) VALUES (10001066, 00000005, TO_TIMESTAMP('2024-11-18 00:38:31.000000', 'YYYY-MM-DD HH24:MI:SS.FF'), TO_TIMESTAMP('2024-11-18 02:38:31.000000', 'YYYY-MM-DD HH24:MI:SS.FF'), 00050000);
INSERT INTO Gym_Attendance (Attendance_ID, Client_ID, Check_in, Check_out, Facility_ID) VALUES (10001067, 00000005, TO_TIMESTAMP('2024-11-26 06:06:33.000000', 'YYYY-MM-DD HH24:MI:SS.FF'), TO_TIMESTAMP('2024-11-26 09:06:33.000000', 'YYYY-MM-DD HH24:MI:SS.FF'), 00030000);
INSERT INTO Gym_Attendance (Attendance_ID, Client_ID, Check_in, Check_out, Facility_ID) VALUES (10001068, 00000005, TO_TIMESTAMP('2024-11-13 17:04:15.000000', 'YYYY-MM-DD HH24:MI:SS.FF'), TO_TIMESTAMP('2024-11-13 18:04:15.000000', 'YYYY-MM-DD HH24:MI:SS.FF'), 00040000);
INSERT INTO Gym_Attendance (Attendance_ID, Client_ID, Check_in, Check_out, Facility_ID) VALUES (10001069, 00000006, TO_TIMESTAMP('2024-11-11 07:51:24.000000', 'YYYY-MM-DD HH24:MI:SS.FF'), TO_TIMESTAMP('2024-11-11 10:51:24.000000', 'YYYY-MM-DD HH24:MI:SS.FF'), 00040000);
INSERT INTO Gym_Attendance (Attendance_ID, Client_ID, Check_in, Check_out, Facility_ID) VALUES (10001070, 00000006, TO_TIMESTAMP('2024-11-11 18:22:49.000000', 'YYYY-MM-DD HH24:MI:SS.FF'), TO_TIMESTAMP('2024-11-11 20:22:49.000000', 'YYYY-MM-DD HH24:MI:SS.FF'), 00040000);
INSERT INTO Gym_Attendance (Attendance_ID, Client_ID, Check_in, Check_out, Facility_ID) VALUES (10001071, 00000006, TO_TIMESTAMP('2024-11-28 15:15:46.000000', 'YYYY-MM-DD HH24:MI:SS.FF'), TO_TIMESTAMP('2024-11-28 18:15:46.000000', 'YYYY-MM-DD HH24:MI:SS.FF'), 00030000);
INSERT INTO Gym_Attendance (Attendance_ID, Client_ID, Check_in, Check_out, Facility_ID) VALUES (10001072, 00000006, TO_TIMESTAMP('2024-11-23 05:58:24.000000', 'YYYY-MM-DD HH24:MI:SS.FF'), TO_TIMESTAMP('2024-11-23 07:58:24.000000', 'YYYY-MM-DD HH24:MI:SS.FF'), 00030000);
INSERT INTO Gym_Attendance (Attendance_ID, Client_ID, Check_in, Check_out, Facility_ID) VALUES (10001073, 00000006, TO_TIMESTAMP('2024-11-18 16:45:18.000000', 'YYYY-MM-DD HH24:MI:SS.FF'), TO_TIMESTAMP('2024-11-18 17:45:18.000000', 'YYYY-MM-DD HH24:MI:SS.FF'), 00040000);
INSERT INTO Gym_Attendance (Attendance_ID, Client_ID, Check_in, Check_out, Facility_ID) VALUES (10001074, 00000006, TO_TIMESTAMP('2024-11-15 00:33:55.000000', 'YYYY-MM-DD HH24:MI:SS.FF'), TO_TIMESTAMP('2024-11-15 01:33:55.000000', 'YYYY-MM-DD HH24:MI:SS.FF'), 00030000);
INSERT INTO Gym_Attendance (Attendance_ID, Client_ID, Check_in, Check_out, Facility_ID) VALUES (10001075, 00000006, TO_TIMESTAMP('2024-11-10 23:16:51.000000', 'YYYY-MM-DD HH24:MI:SS.FF'), TO_TIMESTAMP('2024-11-11 00:16:51.000000', 'YYYY-MM-DD HH24:MI:SS.FF'), 00010000);
INSERT INTO Gym_Attendance (Attendance_ID, Client_ID, Check_in, Check_out, Facility_ID) VALUES (10001076, 00000006, TO_TIMESTAMP('2024-11-05 22:39:21.000000', 'YYYY-MM-DD HH24:MI:SS.FF'), TO_TIMESTAMP('2024-11-05 23:39:21.000000', 'YYYY-MM-DD HH24:MI:SS.FF'), 00010000);
INSERT INTO Gym_Attendance (Attendance_ID, Client_ID, Check_in, Check_out, Facility_ID) VALUES (10001077, 00000006, TO_TIMESTAMP('2024-11-25 23:41:00.000000', 'YYYY-MM-DD HH24:MI:SS.FF'), TO_TIMESTAMP('2024-11-26 02:41:00.000000', 'YYYY-MM-DD HH24:MI:SS.FF'), 00010000);
INSERT INTO Gym_Attendance (Attendance_ID, Client_ID, Check_in, Check_out, Facility_ID) VALUES (10001078, 00000006, TO_TIMESTAMP('2024-11-22 01:13:24.000000', 'YYYY-MM-DD HH24:MI:SS.FF'), TO_TIMESTAMP('2024-11-22 03:13:24.000000', 'YYYY-MM-DD HH24:MI:SS.FF'), 00050000);
INSERT INTO Gym_Attendance (Attendance_ID, Client_ID, Check_in, Check_out, Facility_ID) VALUES (10001079, 00000006, TO_TIMESTAMP('2024-11-24 20:31:43.000000', 'YYYY-MM-DD HH24:MI:SS.FF'), TO_TIMESTAMP('2024-11-24 21:31:43.000000', 'YYYY-MM-DD HH24:MI:SS.FF'), 00020000);
INSERT INTO Gym_Attendance (Attendance_ID, Client_ID, Check_in, Check_out, Facility_ID) VALUES (10001080, 00000006, TO_TIMESTAMP('2024-11-20 06:19:37.000000', 'YYYY-MM-DD HH24:MI:SS.FF'), TO_TIMESTAMP('2024-11-20 07:19:37.000000', 'YYYY-MM-DD HH24:MI:SS.FF'), 00050000);
INSERT INTO Gym_Attendance (Attendance_ID, Client_ID, Check_in, Check_out, Facility_ID) VALUES (10001081, 00000006, TO_TIMESTAMP('2024-11-17 05:40:57.000000', 'YYYY-MM-DD HH24:MI:SS.FF'), TO_TIMESTAMP('2024-11-17 08:40:57.000000', 'YYYY-MM-DD HH24:MI:SS.FF'), 00020000);
INSERT INTO Gym_Attendance (Attendance_ID, Client_ID, Check_in, Check_out, Facility_ID) VALUES (10001082, 00000006, TO_TIMESTAMP('2024-11-20 15:35:30.000000', 'YYYY-MM-DD HH24:MI:SS.FF'), TO_TIMESTAMP('2024-11-20 17:35:30.000000', 'YYYY-MM-DD HH24:MI:SS.FF'), 00050000);
INSERT INTO Gym_Attendance (Attendance_ID, Client_ID, Check_in, Check_out, Facility_ID) VALUES (10001083, 00000006, TO_TIMESTAMP('2024-11-17 23:21:20.000000', 'YYYY-MM-DD HH24:MI:SS.FF'), TO_TIMESTAMP('2024-11-18 00:21:20.000000', 'YYYY-MM-DD HH24:MI:SS.FF'), 00010000);
INSERT INTO Gym_Attendance (Attendance_ID, Client_ID, Check_in, Check_out, Facility_ID) VALUES (10001084, 00000006, TO_TIMESTAMP('2024-11-17 21:37:25.000000', 'YYYY-MM-DD HH24:MI:SS.FF'), TO_TIMESTAMP('2024-11-17 23:37:25.000000', 'YYYY-MM-DD HH24:MI:SS.FF'), 00050000);
INSERT INTO Gym_Attendance (Attendance_ID, Client_ID, Check_in, Check_out, Facility_ID) VALUES (10001085, 00000006, TO_TIMESTAMP('2024-11-16 10:52:54.000000', 'YYYY-MM-DD HH24:MI:SS.FF'), TO_TIMESTAMP('2024-11-16 13:52:54.000000', 'YYYY-MM-DD HH24:MI:SS.FF'), 00010000);
INSERT INTO Gym_Attendance (Attendance_ID, Client_ID, Check_in, Check_out, Facility_ID) VALUES (10001086, 00000006, TO_TIMESTAMP('2024-11-28 03:21:16.000000', 'YYYY-MM-DD HH24:MI:SS.FF'), TO_TIMESTAMP('2024-11-28 04:21:16.000000', 'YYYY-MM-DD HH24:MI:SS.FF'), 00050000);
INSERT INTO Gym_Attendance (Attendance_ID, Client_ID, Check_in, Check_out, Facility_ID) VALUES (10001087, 00000006, TO_TIMESTAMP('2024-11-04 02:56:25.000000', 'YYYY-MM-DD HH24:MI:SS.FF'), TO_TIMESTAMP('2024-11-04 05:56:25.000000', 'YYYY-MM-DD HH24:MI:SS.FF'), 00010000);
INSERT INTO Gym_Attendance (Attendance_ID, Client_ID, Check_in, Check_out, Facility_ID) VALUES (10001088, 00000006, TO_TIMESTAMP('2024-11-14 23:39:30.000000', 'YYYY-MM-DD HH24:MI:SS.FF'), TO_TIMESTAMP('2024-11-15 02:39:30.000000', 'YYYY-MM-DD HH24:MI:SS.FF'), 00030000);
INSERT INTO Gym_Attendance (Attendance_ID, Client_ID, Check_in, Check_out, Facility_ID) VALUES (10001089, 00000006, TO_TIMESTAMP('2024-11-13 08:16:00.000000', 'YYYY-MM-DD HH24:MI:SS.FF'), TO_TIMESTAMP('2024-11-13 10:16:00.000000', 'YYYY-MM-DD HH24:MI:SS.FF'), 00020000);
INSERT INTO Gym_Attendance (Attendance_ID, Client_ID, Check_in, Check_out, Facility_ID) VALUES (10001090, 00000007, TO_TIMESTAMP('2024-11-25 08:31:16.000000', 'YYYY-MM-DD HH24:MI:SS.FF'), TO_TIMESTAMP('2024-11-25 11:31:16.000000', 'YYYY-MM-DD HH24:MI:SS.FF'), 00020000);
INSERT INTO Gym_Attendance (Attendance_ID, Client_ID, Check_in, Check_out, Facility_ID) VALUES (10001091, 00000007, TO_TIMESTAMP('2024-11-09 19:13:32.000000', 'YYYY-MM-DD HH24:MI:SS.FF'), TO_TIMESTAMP('2024-11-09 21:13:32.000000', 'YYYY-MM-DD HH24:MI:SS.FF'), 00010000);
INSERT INTO Gym_Attendance (Attendance_ID, Client_ID, Check_in, Check_out, Facility_ID) VALUES (10001092, 00000007, TO_TIMESTAMP('2024-11-21 14:34:41.000000', 'YYYY-MM-DD HH24:MI:SS.FF'), TO_TIMESTAMP('2024-11-21 17:34:41.000000', 'YYYY-MM-DD HH24:MI:SS.FF'), 00010000);
INSERT INTO Gym_Attendance (Attendance_ID, Client_ID, Check_in, Check_out, Facility_ID) VALUES (10001093, 00000007, TO_TIMESTAMP('2024-11-13 05:40:52.000000', 'YYYY-MM-DD HH24:MI:SS.FF'), TO_TIMESTAMP('2024-11-13 06:40:52.000000', 'YYYY-MM-DD HH24:MI:SS.FF'), 00050000);
INSERT INTO Gym_Attendance (Attendance_ID, Client_ID, Check_in, Check_out, Facility_ID) VALUES (10001094, 00000007, TO_TIMESTAMP('2024-11-05 22:58:26.000000', 'YYYY-MM-DD HH24:MI:SS.FF'), TO_TIMESTAMP('2024-11-06 01:58:26.000000', 'YYYY-MM-DD HH24:MI:SS.FF'), 00040000);
INSERT INTO Gym_Attendance (Attendance_ID, Client_ID, Check_in, Check_out, Facility_ID) VALUES (10001095, 00000007, TO_TIMESTAMP('2024-11-24 05:05:07.000000', 'YYYY-MM-DD HH24:MI:SS.FF'), TO_TIMESTAMP('2024-11-24 07:05:07.000000', 'YYYY-MM-DD HH24:MI:SS.FF'), 00050000);
INSERT INTO Gym_Attendance (Attendance_ID, Client_ID, Check_in, Check_out, Facility_ID) VALUES (10001096, 00000007, TO_TIMESTAMP('2024-11-28 12:55:21.000000', 'YYYY-MM-DD HH24:MI:SS.FF'), TO_TIMESTAMP('2024-11-28 14:55:21.000000', 'YYYY-MM-DD HH24:MI:SS.FF'), 00050000);
INSERT INTO Gym_Attendance (Attendance_ID, Client_ID, Check_in, Check_out, Facility_ID) VALUES (10001097, 00000007, TO_TIMESTAMP('2024-11-03 14:31:09.000000', 'YYYY-MM-DD HH24:MI:SS.FF'), TO_TIMESTAMP('2024-11-03 15:31:09.000000', 'YYYY-MM-DD HH24:MI:SS.FF'), 00040000);
INSERT INTO Gym_Attendance (Attendance_ID, Client_ID, Check_in, Check_out, Facility_ID) VALUES (10001098, 00000007, TO_TIMESTAMP('2024-11-11 15:51:12.000000', 'YYYY-MM-DD HH24:MI:SS.FF'), TO_TIMESTAMP('2024-11-11 16:51:12.000000', 'YYYY-MM-DD HH24:MI:SS.FF'), 00030000);
INSERT INTO Gym_Attendance (Attendance_ID, Client_ID, Check_in, Check_out, Facility_ID) VALUES (10001099, 00000007, TO_TIMESTAMP('2024-11-21 18:29:41.000000', 'YYYY-MM-DD HH24:MI:SS.FF'), TO_TIMESTAMP('2024-11-21 21:29:41.000000', 'YYYY-MM-DD HH24:MI:SS.FF'), 00010000);
INSERT INTO Gym_Attendance (Attendance_ID, Client_ID, Check_in, Check_out, Facility_ID) VALUES (10001100, 00000007, TO_TIMESTAMP('2024-11-06 19:47:10.000000', 'YYYY-MM-DD HH24:MI:SS.FF'), TO_TIMESTAMP('2024-11-06 20:47:10.000000', 'YYYY-MM-DD HH24:MI:SS.FF'), 00010000);
INSERT INTO Gym_Attendance (Attendance_ID, Client_ID, Check_in, Check_out, Facility_ID) VALUES (10001101, 00000007, TO_TIMESTAMP('2024-11-21 15:03:16.000000', 'YYYY-MM-DD HH24:MI:SS.FF'), TO_TIMESTAMP('2024-11-21 18:03:16.000000', 'YYYY-MM-DD HH24:MI:SS.FF'), 00050000);
INSERT INTO Gym_Attendance (Attendance_ID, Client_ID, Check_in, Check_out, Facility_ID) VALUES (10001102, 00000007, TO_TIMESTAMP('2024-11-07 11:40:12.000000', 'YYYY-MM-DD HH24:MI:SS.FF'), TO_TIMESTAMP('2024-11-07 13:40:12.000000', 'YYYY-MM-DD HH24:MI:SS.FF'), 00020000);
INSERT INTO Gym_Attendance (Attendance_ID, Client_ID, Check_in, Check_out, Facility_ID) VALUES (10001103, 00000007, TO_TIMESTAMP('2024-11-01 15:08:15.000000', 'YYYY-MM-DD HH24:MI:SS.FF'), TO_TIMESTAMP('2024-11-01 18:08:15.000000', 'YYYY-MM-DD HH24:MI:SS.FF'), 00050000);
INSERT INTO Gym_Attendance (Attendance_ID, Client_ID, Check_in, Check_out, Facility_ID) VALUES (10001104, 00000007, TO_TIMESTAMP('2024-11-21 22:18:28.000000', 'YYYY-MM-DD HH24:MI:SS.FF'), TO_TIMESTAMP('2024-11-22 00:18:28.000000', 'YYYY-MM-DD HH24:MI:SS.FF'), 00050000);
INSERT INTO Gym_Attendance (Attendance_ID, Client_ID, Check_in, Check_out, Facility_ID) VALUES (10001105, 00000007, TO_TIMESTAMP('2024-11-25 16:46:45.000000', 'YYYY-MM-DD HH24:MI:SS.FF'), TO_TIMESTAMP('2024-11-25 18:46:45.000000', 'YYYY-MM-DD HH24:MI:SS.FF'), 00010000);
INSERT INTO Gym_Attendance (Attendance_ID, Client_ID, Check_in, Check_out, Facility_ID) VALUES (10001106, 00000007, TO_TIMESTAMP('2024-11-20 08:37:58.000000', 'YYYY-MM-DD HH24:MI:SS.FF'), TO_TIMESTAMP('2024-11-20 11:37:58.000000', 'YYYY-MM-DD HH24:MI:SS.FF'), 00050000);
INSERT INTO Gym_Attendance (Attendance_ID, Client_ID, Check_in, Check_out, Facility_ID) VALUES (10001107, 00000007, TO_TIMESTAMP('2024-11-19 01:57:24.000000', 'YYYY-MM-DD HH24:MI:SS.FF'), TO_TIMESTAMP('2024-11-19 03:57:24.000000', 'YYYY-MM-DD HH24:MI:SS.FF'), 00050000);
INSERT INTO Gym_Attendance (Attendance_ID, Client_ID, Check_in, Check_out, Facility_ID) VALUES (10001108, 00000007, TO_TIMESTAMP('2024-11-25 01:42:34.000000', 'YYYY-MM-DD HH24:MI:SS.FF'), TO_TIMESTAMP('2024-11-25 03:42:34.000000', 'YYYY-MM-DD HH24:MI:SS.FF'), 00050000);
INSERT INTO Gym_Attendance (Attendance_ID, Client_ID, Check_in, Check_out, Facility_ID) VALUES (10001109, 00000008, TO_TIMESTAMP('2024-11-23 18:30:03.000000', 'YYYY-MM-DD HH24:MI:SS.FF'), TO_TIMESTAMP('2024-11-23 21:30:03.000000', 'YYYY-MM-DD HH24:MI:SS.FF'), 00050000);
INSERT INTO Gym_Attendance (Attendance_ID, Client_ID, Check_in, Check_out, Facility_ID) VALUES (10001110, 00000008, TO_TIMESTAMP('2024-11-29 09:23:39.000000', 'YYYY-MM-DD HH24:MI:SS.FF'), TO_TIMESTAMP('2024-11-29 12:23:39.000000', 'YYYY-MM-DD HH24:MI:SS.FF'), 00020000);
INSERT INTO Gym_Attendance (Attendance_ID, Client_ID, Check_in, Check_out, Facility_ID) VALUES (10001111, 00000008, TO_TIMESTAMP('2024-11-01 04:54:56.000000', 'YYYY-MM-DD HH24:MI:SS.FF'), TO_TIMESTAMP('2024-11-01 07:54:56.000000', 'YYYY-MM-DD HH24:MI:SS.FF'), 00010000);
INSERT INTO Gym_Attendance (Attendance_ID, Client_ID, Check_in, Check_out, Facility_ID) VALUES (10001112, 00000008, TO_TIMESTAMP('2024-11-22 23:37:19.000000', 'YYYY-MM-DD HH24:MI:SS.FF'), TO_TIMESTAMP('2024-11-23 01:37:19.000000', 'YYYY-MM-DD HH24:MI:SS.FF'), 00030000);
INSERT INTO Gym_Attendance (Attendance_ID, Client_ID, Check_in, Check_out, Facility_ID) VALUES (10001113, 00000008, TO_TIMESTAMP('2024-11-01 13:42:43.000000', 'YYYY-MM-DD HH24:MI:SS.FF'), TO_TIMESTAMP('2024-11-01 14:42:43.000000', 'YYYY-MM-DD HH24:MI:SS.FF'), 00010000);
INSERT INTO Gym_Attendance (Attendance_ID, Client_ID, Check_in, Check_out, Facility_ID) VALUES (10001114, 00000008, TO_TIMESTAMP('2024-11-22 08:22:22.000000', 'YYYY-MM-DD HH24:MI:SS.FF'), TO_TIMESTAMP('2024-11-22 10:22:22.000000', 'YYYY-MM-DD HH24:MI:SS.FF'), 00020000);
INSERT INTO Gym_Attendance (Attendance_ID, Client_ID, Check_in, Check_out, Facility_ID) VALUES (10001115, 00000009, TO_TIMESTAMP('2024-11-10 15:46:33.000000', 'YYYY-MM-DD HH24:MI:SS.FF'), TO_TIMESTAMP('2024-11-10 17:46:33.000000', 'YYYY-MM-DD HH24:MI:SS.FF'), 00020000);
INSERT INTO Gym_Attendance (Attendance_ID, Client_ID, Check_in, Check_out, Facility_ID) VALUES (10001116, 00000009, TO_TIMESTAMP('2024-11-23 10:03:51.000000', 'YYYY-MM-DD HH24:MI:SS.FF'), TO_TIMESTAMP('2024-11-23 12:03:51.000000', 'YYYY-MM-DD HH24:MI:SS.FF'), 00050000);
INSERT INTO Gym_Attendance (Attendance_ID, Client_ID, Check_in, Check_out, Facility_ID) VALUES (10001117, 00000009, TO_TIMESTAMP('2024-11-18 15:24:02.000000', 'YYYY-MM-DD HH24:MI:SS.FF'), TO_TIMESTAMP('2024-11-18 18:24:02.000000', 'YYYY-MM-DD HH24:MI:SS.FF'), 00030000);
INSERT INTO Gym_Attendance (Attendance_ID, Client_ID, Check_in, Check_out, Facility_ID) VALUES (10001118, 00000009, TO_TIMESTAMP('2024-11-22 08:58:13.000000', 'YYYY-MM-DD HH24:MI:SS.FF'), TO_TIMESTAMP('2024-11-22 10:58:13.000000', 'YYYY-MM-DD HH24:MI:SS.FF'), 00040000);
INSERT INTO Gym_Attendance (Attendance_ID, Client_ID, Check_in, Check_out, Facility_ID) VALUES (10001119, 00000009, TO_TIMESTAMP('2024-11-11 06:28:15.000000', 'YYYY-MM-DD HH24:MI:SS.FF'), TO_TIMESTAMP('2024-11-11 07:28:15.000000', 'YYYY-MM-DD HH24:MI:SS.FF'), 00050000);
INSERT INTO Gym_Attendance (Attendance_ID, Client_ID, Check_in, Check_out, Facility_ID) VALUES (10001120, 00000009, TO_TIMESTAMP('2024-11-10 15:11:07.000000', 'YYYY-MM-DD HH24:MI:SS.FF'), TO_TIMESTAMP('2024-11-10 18:11:07.000000', 'YYYY-MM-DD HH24:MI:SS.FF'), 00010000);
INSERT INTO Gym_Attendance (Attendance_ID, Client_ID, Check_in, Check_out, Facility_ID) VALUES (10001121, 00000009, TO_TIMESTAMP('2024-11-03 01:58:46.000000', 'YYYY-MM-DD HH24:MI:SS.FF'), TO_TIMESTAMP('2024-11-03 03:58:46.000000', 'YYYY-MM-DD HH24:MI:SS.FF'), 00010000);
INSERT INTO Gym_Attendance (Attendance_ID, Client_ID, Check_in, Check_out, Facility_ID) VALUES (10001122, 00000009, TO_TIMESTAMP('2024-11-15 01:52:26.000000', 'YYYY-MM-DD HH24:MI:SS.FF'), TO_TIMESTAMP('2024-11-15 02:52:26.000000', 'YYYY-MM-DD HH24:MI:SS.FF'), 00020000);
INSERT INTO Gym_Attendance (Attendance_ID, Client_ID, Check_in, Check_out, Facility_ID) VALUES (10001123, 00000009, TO_TIMESTAMP('2024-11-11 01:26:51.000000', 'YYYY-MM-DD HH24:MI:SS.FF'), TO_TIMESTAMP('2024-11-11 04:26:51.000000', 'YYYY-MM-DD HH24:MI:SS.FF'), 00050000);
INSERT INTO Gym_Attendance (Attendance_ID, Client_ID, Check_in, Check_out, Facility_ID) VALUES (10001124, 00000009, TO_TIMESTAMP('2024-11-15 06:20:02.000000', 'YYYY-MM-DD HH24:MI:SS.FF'), TO_TIMESTAMP('2024-11-15 08:20:02.000000', 'YYYY-MM-DD HH24:MI:SS.FF'), 00010000);
INSERT INTO Gym_Attendance (Attendance_ID, Client_ID, Check_in, Check_out, Facility_ID) VALUES (10001125, 00000009, TO_TIMESTAMP('2024-11-16 13:36:50.000000', 'YYYY-MM-DD HH24:MI:SS.FF'), TO_TIMESTAMP('2024-11-16 14:36:50.000000', 'YYYY-MM-DD HH24:MI:SS.FF'), 00030000);
INSERT INTO Gym_Attendance (Attendance_ID, Client_ID, Check_in, Check_out, Facility_ID) VALUES (10001126, 00000009, TO_TIMESTAMP('2024-11-11 17:00:20.000000', 'YYYY-MM-DD HH24:MI:SS.FF'), TO_TIMESTAMP('2024-11-11 19:00:20.000000', 'YYYY-MM-DD HH24:MI:SS.FF'), 00020000);
INSERT INTO Gym_Attendance (Attendance_ID, Client_ID, Check_in, Check_out, Facility_ID) VALUES (10001127, 00000009, TO_TIMESTAMP('2024-11-10 07:03:56.000000', 'YYYY-MM-DD HH24:MI:SS.FF'), TO_TIMESTAMP('2024-11-10 08:03:56.000000', 'YYYY-MM-DD HH24:MI:SS.FF'), 00010000);
INSERT INTO Gym_Attendance (Attendance_ID, Client_ID, Check_in, Check_out, Facility_ID) VALUES (10001128, 00000009, TO_TIMESTAMP('2024-11-03 06:36:40.000000', 'YYYY-MM-DD HH24:MI:SS.FF'), TO_TIMESTAMP('2024-11-03 09:36:40.000000', 'YYYY-MM-DD HH24:MI:SS.FF'), 00020000);
INSERT INTO Gym_Attendance (Attendance_ID, Client_ID, Check_in, Check_out, Facility_ID) VALUES (10001129, 00000009, TO_TIMESTAMP('2024-11-10 07:45:33.000000', 'YYYY-MM-DD HH24:MI:SS.FF'), TO_TIMESTAMP('2024-11-10 09:45:33.000000', 'YYYY-MM-DD HH24:MI:SS.FF'), 00040000);
INSERT INTO Gym_Attendance (Attendance_ID, Client_ID, Check_in, Check_out, Facility_ID) VALUES (10001130, 00000009, TO_TIMESTAMP('2024-11-15 06:50:18.000000', 'YYYY-MM-DD HH24:MI:SS.FF'), TO_TIMESTAMP('2024-11-15 08:50:18.000000', 'YYYY-MM-DD HH24:MI:SS.FF'), 00020000);
INSERT INTO Gym_Attendance (Attendance_ID, Client_ID, Check_in, Check_out, Facility_ID) VALUES (10001131, 00000009, TO_TIMESTAMP('2024-11-23 20:52:15.000000', 'YYYY-MM-DD HH24:MI:SS.FF'), TO_TIMESTAMP('2024-11-23 22:52:15.000000', 'YYYY-MM-DD HH24:MI:SS.FF'), 00040000);
INSERT INTO Gym_Attendance (Attendance_ID, Client_ID, Check_in, Check_out, Facility_ID) VALUES (10001132, 00000010, TO_TIMESTAMP('2024-11-28 02:50:09.000000', 'YYYY-MM-DD HH24:MI:SS.FF'), TO_TIMESTAMP('2024-11-28 05:50:09.000000', 'YYYY-MM-DD HH24:MI:SS.FF'), 00030000);
INSERT INTO Gym_Attendance (Attendance_ID, Client_ID, Check_in, Check_out, Facility_ID) VALUES (10001133, 00000010, TO_TIMESTAMP('2024-11-25 18:10:01.000000', 'YYYY-MM-DD HH24:MI:SS.FF'), TO_TIMESTAMP('2024-11-25 20:10:01.000000', 'YYYY-MM-DD HH24:MI:SS.FF'), 00010000);
INSERT INTO Gym_Attendance (Attendance_ID, Client_ID, Check_in, Check_out, Facility_ID) VALUES (10001134, 00000010, TO_TIMESTAMP('2024-11-19 04:10:30.000000', 'YYYY-MM-DD HH24:MI:SS.FF'), TO_TIMESTAMP('2024-11-19 05:10:30.000000', 'YYYY-MM-DD HH24:MI:SS.FF'), 00010000);
INSERT INTO Gym_Attendance (Attendance_ID, Client_ID, Check_in, Check_out, Facility_ID) VALUES (10001135, 00000010, TO_TIMESTAMP('2024-11-23 01:53:11.000000', 'YYYY-MM-DD HH24:MI:SS.FF'), TO_TIMESTAMP('2024-11-23 03:53:11.000000', 'YYYY-MM-DD HH24:MI:SS.FF'), 00030000);
INSERT INTO Gym_Attendance (Attendance_ID, Client_ID, Check_in, Check_out, Facility_ID) VALUES (10001136, 00000010, TO_TIMESTAMP('2024-11-27 20:06:58.000000', 'YYYY-MM-DD HH24:MI:SS.FF'), TO_TIMESTAMP('2024-11-27 23:06:58.000000', 'YYYY-MM-DD HH24:MI:SS.FF'), 00010000);
INSERT INTO Gym_Attendance (Attendance_ID, Client_ID, Check_in, Check_out, Facility_ID) VALUES (10001137, 00000010, TO_TIMESTAMP('2024-11-28 23:41:03.000000', 'YYYY-MM-DD HH24:MI:SS.FF'), TO_TIMESTAMP('2024-11-29 00:41:03.000000', 'YYYY-MM-DD HH24:MI:SS.FF'), 00050000);
INSERT INTO Gym_Attendance (Attendance_ID, Client_ID, Check_in, Check_out, Facility_ID) VALUES (10001138, 00000010, TO_TIMESTAMP('2024-11-17 22:15:17.000000', 'YYYY-MM-DD HH24:MI:SS.FF'), TO_TIMESTAMP('2024-11-17 23:15:17.000000', 'YYYY-MM-DD HH24:MI:SS.FF'), 00020000);
INSERT INTO Gym_Attendance (Attendance_ID, Client_ID, Check_in, Check_out, Facility_ID) VALUES (10001139, 00000010, TO_TIMESTAMP('2024-11-01 13:28:21.000000', 'YYYY-MM-DD HH24:MI:SS.FF'), TO_TIMESTAMP('2024-11-01 16:28:21.000000', 'YYYY-MM-DD HH24:MI:SS.FF'), 00040000);
INSERT INTO Gym_Attendance (Attendance_ID, Client_ID, Check_in, Check_out, Facility_ID) VALUES (10001140, 00000010, TO_TIMESTAMP('2024-11-14 11:53:15.000000', 'YYYY-MM-DD HH24:MI:SS.FF'), TO_TIMESTAMP('2024-11-14 12:53:15.000000', 'YYYY-MM-DD HH24:MI:SS.FF'), 00040000);
INSERT INTO Gym_Attendance (Attendance_ID, Client_ID, Check_in, Check_out, Facility_ID) VALUES (10001141, 00000010, TO_TIMESTAMP('2024-11-07 15:06:00.000000', 'YYYY-MM-DD HH24:MI:SS.FF'), TO_TIMESTAMP('2024-11-07 17:06:00.000000', 'YYYY-MM-DD HH24:MI:SS.FF'), 00050000);
INSERT INTO Gym_Attendance (Attendance_ID, Client_ID, Check_in, Check_out, Facility_ID) VALUES (10001142, 00000011, TO_TIMESTAMP('2024-11-18 19:22:24.000000', 'YYYY-MM-DD HH24:MI:SS.FF'), TO_TIMESTAMP('2024-11-18 22:22:24.000000', 'YYYY-MM-DD HH24:MI:SS.FF'), 00040000);
INSERT INTO Gym_Attendance (Attendance_ID, Client_ID, Check_in, Check_out, Facility_ID) VALUES (10001143, 00000011, TO_TIMESTAMP('2024-11-29 15:37:40.000000', 'YYYY-MM-DD HH24:MI:SS.FF'), TO_TIMESTAMP('2024-11-29 16:37:40.000000', 'YYYY-MM-DD HH24:MI:SS.FF'), 00050000);
INSERT INTO Gym_Attendance (Attendance_ID, Client_ID, Check_in, Check_out, Facility_ID) VALUES (10001144, 00000011, TO_TIMESTAMP('2024-11-08 11:25:26.000000', 'YYYY-MM-DD HH24:MI:SS.FF'), TO_TIMESTAMP('2024-11-08 12:25:26.000000', 'YYYY-MM-DD HH24:MI:SS.FF'), 00030000);
INSERT INTO Gym_Attendance (Attendance_ID, Client_ID, Check_in, Check_out, Facility_ID) VALUES (10001145, 00000011, TO_TIMESTAMP('2024-11-04 16:20:41.000000', 'YYYY-MM-DD HH24:MI:SS.FF'), TO_TIMESTAMP('2024-11-04 18:20:41.000000', 'YYYY-MM-DD HH24:MI:SS.FF'), 00050000);
INSERT INTO Gym_Attendance (Attendance_ID, Client_ID, Check_in, Check_out, Facility_ID) VALUES (10001146, 00000011, TO_TIMESTAMP('2024-11-21 07:33:24.000000', 'YYYY-MM-DD HH24:MI:SS.FF'), TO_TIMESTAMP('2024-11-21 09:33:24.000000', 'YYYY-MM-DD HH24:MI:SS.FF'), 00050000);
INSERT INTO Gym_Attendance (Attendance_ID, Client_ID, Check_in, Check_out, Facility_ID) VALUES (10001147, 00000011, TO_TIMESTAMP('2024-11-04 07:45:43.000000', 'YYYY-MM-DD HH24:MI:SS.FF'), TO_TIMESTAMP('2024-11-04 08:45:43.000000', 'YYYY-MM-DD HH24:MI:SS.FF'), 00020000);
INSERT INTO Gym_Attendance (Attendance_ID, Client_ID, Check_in, Check_out, Facility_ID) VALUES (10001148, 00000011, TO_TIMESTAMP('2024-11-07 19:05:21.000000', 'YYYY-MM-DD HH24:MI:SS.FF'), TO_TIMESTAMP('2024-11-07 22:05:21.000000', 'YYYY-MM-DD HH24:MI:SS.FF'), 00030000);
INSERT INTO Gym_Attendance (Attendance_ID, Client_ID, Check_in, Check_out, Facility_ID) VALUES (10001149, 00000011, TO_TIMESTAMP('2024-11-21 21:40:21.000000', 'YYYY-MM-DD HH24:MI:SS.FF'), TO_TIMESTAMP('2024-11-21 22:40:21.000000', 'YYYY-MM-DD HH24:MI:SS.FF'), 00040000);
INSERT INTO Gym_Attendance (Attendance_ID, Client_ID, Check_in, Check_out, Facility_ID) VALUES (10001150, 00000011, TO_TIMESTAMP('2024-11-29 03:08:50.000000', 'YYYY-MM-DD HH24:MI:SS.FF'), TO_TIMESTAMP('2024-11-29 04:08:50.000000', 'YYYY-MM-DD HH24:MI:SS.FF'), 00050000);
INSERT INTO Gym_Attendance (Attendance_ID, Client_ID, Check_in, Check_out, Facility_ID) VALUES (10001151, 00000011, TO_TIMESTAMP('2024-11-29 00:22:36.000000', 'YYYY-MM-DD HH24:MI:SS.FF'), TO_TIMESTAMP('2024-11-29 02:22:36.000000', 'YYYY-MM-DD HH24:MI:SS.FF'), 00010000);
INSERT INTO Gym_Attendance (Attendance_ID, Client_ID, Check_in, Check_out, Facility_ID) VALUES (10001152, 00000011, TO_TIMESTAMP('2024-11-17 15:47:53.000000', 'YYYY-MM-DD HH24:MI:SS.FF'), TO_TIMESTAMP('2024-11-17 18:47:53.000000', 'YYYY-MM-DD HH24:MI:SS.FF'), 00010000);
INSERT INTO Gym_Attendance (Attendance_ID, Client_ID, Check_in, Check_out, Facility_ID) VALUES (10001153, 00000011, TO_TIMESTAMP('2024-11-19 05:22:29.000000', 'YYYY-MM-DD HH24:MI:SS.FF'), TO_TIMESTAMP('2024-11-19 07:22:29.000000', 'YYYY-MM-DD HH24:MI:SS.FF'), 00010000);
INSERT INTO Gym_Attendance (Attendance_ID, Client_ID, Check_in, Check_out, Facility_ID) VALUES (10001154, 00000011, TO_TIMESTAMP('2024-11-24 21:40:14.000000', 'YYYY-MM-DD HH24:MI:SS.FF'), TO_TIMESTAMP('2024-11-24 22:40:14.000000', 'YYYY-MM-DD HH24:MI:SS.FF'), 00050000);
INSERT INTO Gym_Attendance (Attendance_ID, Client_ID, Check_in, Check_out, Facility_ID) VALUES (10001155, 00000011, TO_TIMESTAMP('2024-11-12 04:42:35.000000', 'YYYY-MM-DD HH24:MI:SS.FF'), TO_TIMESTAMP('2024-11-12 05:42:35.000000', 'YYYY-MM-DD HH24:MI:SS.FF'), 00030000);
INSERT INTO Gym_Attendance (Attendance_ID, Client_ID, Check_in, Check_out, Facility_ID) VALUES (10001156, 00000011, TO_TIMESTAMP('2024-11-06 11:06:25.000000', 'YYYY-MM-DD HH24:MI:SS.FF'), TO_TIMESTAMP('2024-11-06 14:06:25.000000', 'YYYY-MM-DD HH24:MI:SS.FF'), 00040000);
INSERT INTO Gym_Attendance (Attendance_ID, Client_ID, Check_in, Check_out, Facility_ID) VALUES (10001157, 00000012, TO_TIMESTAMP('2024-11-14 04:09:09.000000', 'YYYY-MM-DD HH24:MI:SS.FF'), TO_TIMESTAMP('2024-11-14 06:09:09.000000', 'YYYY-MM-DD HH24:MI:SS.FF'), 00050000);
INSERT INTO Gym_Attendance (Attendance_ID, Client_ID, Check_in, Check_out, Facility_ID) VALUES (10001158, 00000012, TO_TIMESTAMP('2024-11-02 19:26:43.000000', 'YYYY-MM-DD HH24:MI:SS.FF'), TO_TIMESTAMP('2024-11-02 22:26:43.000000', 'YYYY-MM-DD HH24:MI:SS.FF'), 00050000);
INSERT INTO Gym_Attendance (Attendance_ID, Client_ID, Check_in, Check_out, Facility_ID) VALUES (10001159, 00000012, TO_TIMESTAMP('2024-11-18 19:26:01.000000', 'YYYY-MM-DD HH24:MI:SS.FF'), TO_TIMESTAMP('2024-11-18 21:26:01.000000', 'YYYY-MM-DD HH24:MI:SS.FF'), 00020000);
INSERT INTO Gym_Attendance (Attendance_ID, Client_ID, Check_in, Check_out, Facility_ID) VALUES (10001160, 00000012, TO_TIMESTAMP('2024-11-24 20:00:59.000000', 'YYYY-MM-DD HH24:MI:SS.FF'), TO_TIMESTAMP('2024-11-24 22:00:59.000000', 'YYYY-MM-DD HH24:MI:SS.FF'), 00040000);
INSERT INTO Gym_Attendance (Attendance_ID, Client_ID, Check_in, Check_out, Facility_ID) VALUES (10001161, 00000012, TO_TIMESTAMP('2024-11-17 15:56:01.000000', 'YYYY-MM-DD HH24:MI:SS.FF'), TO_TIMESTAMP('2024-11-17 17:56:01.000000', 'YYYY-MM-DD HH24:MI:SS.FF'), 00020000);
INSERT INTO Gym_Attendance (Attendance_ID, Client_ID, Check_in, Check_out, Facility_ID) VALUES (10001162, 00000012, TO_TIMESTAMP('2024-11-12 17:47:06.000000', 'YYYY-MM-DD HH24:MI:SS.FF'), TO_TIMESTAMP('2024-11-12 18:47:06.000000', 'YYYY-MM-DD HH24:MI:SS.FF'), 00040000);
INSERT INTO Gym_Attendance (Attendance_ID, Client_ID, Check_in, Check_out, Facility_ID) VALUES (10001163, 00000012, TO_TIMESTAMP('2024-11-22 10:15:53.000000', 'YYYY-MM-DD HH24:MI:SS.FF'), TO_TIMESTAMP('2024-11-22 12:15:53.000000', 'YYYY-MM-DD HH24:MI:SS.FF'), 00010000);
INSERT INTO Gym_Attendance (Attendance_ID, Client_ID, Check_in, Check_out, Facility_ID) VALUES (10001164, 00000012, TO_TIMESTAMP('2024-11-16 13:05:00.000000', 'YYYY-MM-DD HH24:MI:SS.FF'), TO_TIMESTAMP('2024-11-16 15:05:00.000000', 'YYYY-MM-DD HH24:MI:SS.FF'), 00010000);
INSERT INTO Gym_Attendance (Attendance_ID, Client_ID, Check_in, Check_out, Facility_ID) VALUES (10001165, 00000012, TO_TIMESTAMP('2024-11-26 11:09:21.000000', 'YYYY-MM-DD HH24:MI:SS.FF'), TO_TIMESTAMP('2024-11-26 14:09:21.000000', 'YYYY-MM-DD HH24:MI:SS.FF'), 00050000);
INSERT INTO Gym_Attendance (Attendance_ID, Client_ID, Check_in, Check_out, Facility_ID) VALUES (10001166, 00000012, TO_TIMESTAMP('2024-11-14 01:18:46.000000', 'YYYY-MM-DD HH24:MI:SS.FF'), TO_TIMESTAMP('2024-11-14 03:18:46.000000', 'YYYY-MM-DD HH24:MI:SS.FF'), 00010000);
INSERT INTO Gym_Attendance (Attendance_ID, Client_ID, Check_in, Check_out, Facility_ID) VALUES (10001167, 00000012, TO_TIMESTAMP('2024-11-01 01:19:10.000000', 'YYYY-MM-DD HH24:MI:SS.FF'), TO_TIMESTAMP('2024-11-01 04:19:10.000000', 'YYYY-MM-DD HH24:MI:SS.FF'), 00050000);
INSERT INTO Gym_Attendance (Attendance_ID, Client_ID, Check_in, Check_out, Facility_ID) VALUES (10001168, 00000012, TO_TIMESTAMP('2024-11-24 04:26:31.000000', 'YYYY-MM-DD HH24:MI:SS.FF'), TO_TIMESTAMP('2024-11-24 07:26:31.000000', 'YYYY-MM-DD HH24:MI:SS.FF'), 00010000);
INSERT INTO Gym_Attendance (Attendance_ID, Client_ID, Check_in, Check_out, Facility_ID) VALUES (10001169, 00000012, TO_TIMESTAMP('2024-11-09 19:32:38.000000', 'YYYY-MM-DD HH24:MI:SS.FF'), TO_TIMESTAMP('2024-11-09 20:32:38.000000', 'YYYY-MM-DD HH24:MI:SS.FF'), 00010000);
INSERT INTO Gym_Attendance (Attendance_ID, Client_ID, Check_in, Check_out, Facility_ID) VALUES (10001170, 00000012, TO_TIMESTAMP('2024-11-16 07:14:57.000000', 'YYYY-MM-DD HH24:MI:SS.FF'), TO_TIMESTAMP('2024-11-16 09:14:57.000000', 'YYYY-MM-DD HH24:MI:SS.FF'), 00020000);
INSERT INTO Gym_Attendance (Attendance_ID, Client_ID, Check_in, Check_out, Facility_ID) VALUES (10001171, 00000012, TO_TIMESTAMP('2024-11-04 22:36:52.000000', 'YYYY-MM-DD HH24:MI:SS.FF'), TO_TIMESTAMP('2024-11-05 00:36:52.000000', 'YYYY-MM-DD HH24:MI:SS.FF'), 00020000);
INSERT INTO Gym_Attendance (Attendance_ID, Client_ID, Check_in, Check_out, Facility_ID) VALUES (10001172, 00000012, TO_TIMESTAMP('2024-11-19 01:30:28.000000', 'YYYY-MM-DD HH24:MI:SS.FF'), TO_TIMESTAMP('2024-11-19 04:30:28.000000', 'YYYY-MM-DD HH24:MI:SS.FF'), 00020000);
INSERT INTO Gym_Attendance (Attendance_ID, Client_ID, Check_in, Check_out, Facility_ID) VALUES (10001173, 00000012, TO_TIMESTAMP('2024-11-12 06:35:12.000000', 'YYYY-MM-DD HH24:MI:SS.FF'), TO_TIMESTAMP('2024-11-12 08:35:12.000000', 'YYYY-MM-DD HH24:MI:SS.FF'), 00030000);
INSERT INTO Gym_Attendance (Attendance_ID, Client_ID, Check_in, Check_out, Facility_ID) VALUES (10001174, 00000012, TO_TIMESTAMP('2024-11-12 13:30:25.000000', 'YYYY-MM-DD HH24:MI:SS.FF'), TO_TIMESTAMP('2024-11-12 16:30:25.000000', 'YYYY-MM-DD HH24:MI:SS.FF'), 00010000);
INSERT INTO Gym_Attendance (Attendance_ID, Client_ID, Check_in, Check_out, Facility_ID) VALUES (10001175, 00000012, TO_TIMESTAMP('2024-11-04 15:00:38.000000', 'YYYY-MM-DD HH24:MI:SS.FF'), TO_TIMESTAMP('2024-11-04 17:00:38.000000', 'YYYY-MM-DD HH24:MI:SS.FF'), 00010000);
INSERT INTO Gym_Attendance (Attendance_ID, Client_ID, Check_in, Check_out, Facility_ID) VALUES (10001176, 00000012, TO_TIMESTAMP('2024-11-27 00:20:15.000000', 'YYYY-MM-DD HH24:MI:SS.FF'), TO_TIMESTAMP('2024-11-27 03:20:15.000000', 'YYYY-MM-DD HH24:MI:SS.FF'), 00040000);
INSERT INTO Gym_Attendance (Attendance_ID, Client_ID, Check_in, Check_out, Facility_ID) VALUES (10001177, 00000012, TO_TIMESTAMP('2024-11-02 00:40:51.000000', 'YYYY-MM-DD HH24:MI:SS.FF'), TO_TIMESTAMP('2024-11-02 03:40:51.000000', 'YYYY-MM-DD HH24:MI:SS.FF'), 00020000);
INSERT INTO Gym_Attendance (Attendance_ID, Client_ID, Check_in, Check_out, Facility_ID) VALUES (10001178, 00000013, TO_TIMESTAMP('2024-11-22 04:10:19.000000', 'YYYY-MM-DD HH24:MI:SS.FF'), TO_TIMESTAMP('2024-11-22 06:10:19.000000', 'YYYY-MM-DD HH24:MI:SS.FF'), 00010000);
INSERT INTO Gym_Attendance (Attendance_ID, Client_ID, Check_in, Check_out, Facility_ID) VALUES (10001179, 00000013, TO_TIMESTAMP('2024-11-18 10:49:46.000000', 'YYYY-MM-DD HH24:MI:SS.FF'), TO_TIMESTAMP('2024-11-18 11:49:46.000000', 'YYYY-MM-DD HH24:MI:SS.FF'), 00050000);
INSERT INTO Gym_Attendance (Attendance_ID, Client_ID, Check_in, Check_out, Facility_ID) VALUES (10001180, 00000013, TO_TIMESTAMP('2024-11-23 12:07:55.000000', 'YYYY-MM-DD HH24:MI:SS.FF'), TO_TIMESTAMP('2024-11-23 15:07:55.000000', 'YYYY-MM-DD HH24:MI:SS.FF'), 00030000);
INSERT INTO Gym_Attendance (Attendance_ID, Client_ID, Check_in, Check_out, Facility_ID) VALUES (10001181, 00000013, TO_TIMESTAMP('2024-11-09 20:17:00.000000', 'YYYY-MM-DD HH24:MI:SS.FF'), TO_TIMESTAMP('2024-11-09 23:17:00.000000', 'YYYY-MM-DD HH24:MI:SS.FF'), 00040000);
INSERT INTO Gym_Attendance (Attendance_ID, Client_ID, Check_in, Check_out, Facility_ID) VALUES (10001182, 00000013, TO_TIMESTAMP('2024-11-10 06:33:17.000000', 'YYYY-MM-DD HH24:MI:SS.FF'), TO_TIMESTAMP('2024-11-10 09:33:17.000000', 'YYYY-MM-DD HH24:MI:SS.FF'), 00020000);
INSERT INTO Gym_Attendance (Attendance_ID, Client_ID, Check_in, Check_out, Facility_ID) VALUES (10001183, 00000013, TO_TIMESTAMP('2024-11-05 08:42:47.000000', 'YYYY-MM-DD HH24:MI:SS.FF'), TO_TIMESTAMP('2024-11-05 09:42:47.000000', 'YYYY-MM-DD HH24:MI:SS.FF'), 00010000);
INSERT INTO Gym_Attendance (Attendance_ID, Client_ID, Check_in, Check_out, Facility_ID) VALUES (10001184, 00000013, TO_TIMESTAMP('2024-11-05 13:14:17.000000', 'YYYY-MM-DD HH24:MI:SS.FF'), TO_TIMESTAMP('2024-11-05 14:14:17.000000', 'YYYY-MM-DD HH24:MI:SS.FF'), 00050000);
INSERT INTO Gym_Attendance (Attendance_ID, Client_ID, Check_in, Check_out, Facility_ID) VALUES (10001185, 00000013, TO_TIMESTAMP('2024-11-28 22:46:43.000000', 'YYYY-MM-DD HH24:MI:SS.FF'), TO_TIMESTAMP('2024-11-29 00:46:43.000000', 'YYYY-MM-DD HH24:MI:SS.FF'), 00020000);
INSERT INTO Gym_Attendance (Attendance_ID, Client_ID, Check_in, Check_out, Facility_ID) VALUES (10001186, 00000013, TO_TIMESTAMP('2024-11-08 23:34:18.000000', 'YYYY-MM-DD HH24:MI:SS.FF'), TO_TIMESTAMP('2024-11-09 01:34:18.000000', 'YYYY-MM-DD HH24:MI:SS.FF'), 00050000);
INSERT INTO Gym_Attendance (Attendance_ID, Client_ID, Check_in, Check_out, Facility_ID) VALUES (10001187, 00000013, TO_TIMESTAMP('2024-11-12 17:31:01.000000', 'YYYY-MM-DD HH24:MI:SS.FF'), TO_TIMESTAMP('2024-11-12 18:31:01.000000', 'YYYY-MM-DD HH24:MI:SS.FF'), 00020000);
INSERT INTO Gym_Attendance (Attendance_ID, Client_ID, Check_in, Check_out, Facility_ID) VALUES (10001188, 00000013, TO_TIMESTAMP('2024-11-16 17:43:26.000000', 'YYYY-MM-DD HH24:MI:SS.FF'), TO_TIMESTAMP('2024-11-16 18:43:26.000000', 'YYYY-MM-DD HH24:MI:SS.FF'), 00040000);
INSERT INTO Gym_Attendance (Attendance_ID, Client_ID, Check_in, Check_out, Facility_ID) VALUES (10001189, 00000013, TO_TIMESTAMP('2024-11-25 20:43:44.000000', 'YYYY-MM-DD HH24:MI:SS.FF'), TO_TIMESTAMP('2024-11-25 21:43:44.000000', 'YYYY-MM-DD HH24:MI:SS.FF'), 00010000);
INSERT INTO Gym_Attendance (Attendance_ID, Client_ID, Check_in, Check_out, Facility_ID) VALUES (10001190, 00000013, TO_TIMESTAMP('2024-11-10 16:01:07.000000', 'YYYY-MM-DD HH24:MI:SS.FF'), TO_TIMESTAMP('2024-11-10 19:01:07.000000', 'YYYY-MM-DD HH24:MI:SS.FF'), 00030000);
INSERT INTO Gym_Attendance (Attendance_ID, Client_ID, Check_in, Check_out, Facility_ID) VALUES (10001191, 00000013, TO_TIMESTAMP('2024-11-21 06:27:43.000000', 'YYYY-MM-DD HH24:MI:SS.FF'), TO_TIMESTAMP('2024-11-21 07:27:43.000000', 'YYYY-MM-DD HH24:MI:SS.FF'), 00050000);
INSERT INTO Gym_Attendance (Attendance_ID, Client_ID, Check_in, Check_out, Facility_ID) VALUES (10001192, 00000013, TO_TIMESTAMP('2024-11-12 15:27:48.000000', 'YYYY-MM-DD HH24:MI:SS.FF'), TO_TIMESTAMP('2024-11-12 18:27:48.000000', 'YYYY-MM-DD HH24:MI:SS.FF'), 00010000);
INSERT INTO Gym_Attendance (Attendance_ID, Client_ID, Check_in, Check_out, Facility_ID) VALUES (10001193, 00000013, TO_TIMESTAMP('2024-11-09 08:48:07.000000', 'YYYY-MM-DD HH24:MI:SS.FF'), TO_TIMESTAMP('2024-11-09 09:48:07.000000', 'YYYY-MM-DD HH24:MI:SS.FF'), 00030000);
INSERT INTO Gym_Attendance (Attendance_ID, Client_ID, Check_in, Check_out, Facility_ID) VALUES (10001194, 00000013, TO_TIMESTAMP('2024-11-26 16:40:05.000000', 'YYYY-MM-DD HH24:MI:SS.FF'), TO_TIMESTAMP('2024-11-26 19:40:05.000000', 'YYYY-MM-DD HH24:MI:SS.FF'), 00030000);
INSERT INTO Gym_Attendance (Attendance_ID, Client_ID, Check_in, Check_out, Facility_ID) VALUES (10001195, 00000013, TO_TIMESTAMP('2024-11-19 14:28:07.000000', 'YYYY-MM-DD HH24:MI:SS.FF'), TO_TIMESTAMP('2024-11-19 17:28:07.000000', 'YYYY-MM-DD HH24:MI:SS.FF'), 00050000);
INSERT INTO Gym_Attendance (Attendance_ID, Client_ID, Check_in, Check_out, Facility_ID) VALUES (10001196, 00000013, TO_TIMESTAMP('2024-11-16 23:49:32.000000', 'YYYY-MM-DD HH24:MI:SS.FF'), TO_TIMESTAMP('2024-11-17 01:49:32.000000', 'YYYY-MM-DD HH24:MI:SS.FF'), 00030000);
INSERT INTO Gym_Attendance (Attendance_ID, Client_ID, Check_in, Check_out, Facility_ID) VALUES (10001197, 00000013, TO_TIMESTAMP('2024-11-09 19:40:06.000000', 'YYYY-MM-DD HH24:MI:SS.FF'), TO_TIMESTAMP('2024-11-09 20:40:06.000000', 'YYYY-MM-DD HH24:MI:SS.FF'), 00020000);
INSERT INTO Gym_Attendance (Attendance_ID, Client_ID, Check_in, Check_out, Facility_ID) VALUES (10001198, 00000014, TO_TIMESTAMP('2024-11-03 17:59:50.000000', 'YYYY-MM-DD HH24:MI:SS.FF'), TO_TIMESTAMP('2024-11-03 19:59:50.000000', 'YYYY-MM-DD HH24:MI:SS.FF'), 00040000);
INSERT INTO Gym_Attendance (Attendance_ID, Client_ID, Check_in, Check_out, Facility_ID) VALUES (10001199, 00000014, TO_TIMESTAMP('2024-11-20 15:29:54.000000', 'YYYY-MM-DD HH24:MI:SS.FF'), TO_TIMESTAMP('2024-11-20 18:29:54.000000', 'YYYY-MM-DD HH24:MI:SS.FF'), 00010000);
INSERT INTO Gym_Attendance (Attendance_ID, Client_ID, Check_in, Check_out, Facility_ID) VALUES (10001200, 00000014, TO_TIMESTAMP('2024-11-25 16:09:30.000000', 'YYYY-MM-DD HH24:MI:SS.FF'), TO_TIMESTAMP('2024-11-25 19:09:30.000000', 'YYYY-MM-DD HH24:MI:SS.FF'), 00050000);
INSERT INTO Gym_Attendance (Attendance_ID, Client_ID, Check_in, Check_out, Facility_ID) VALUES (10001201, 00000014, TO_TIMESTAMP('2024-11-21 12:42:12.000000', 'YYYY-MM-DD HH24:MI:SS.FF'), TO_TIMESTAMP('2024-11-21 14:42:12.000000', 'YYYY-MM-DD HH24:MI:SS.FF'), 00050000);
INSERT INTO Gym_Attendance (Attendance_ID, Client_ID, Check_in, Check_out, Facility_ID) VALUES (10001202, 00000014, TO_TIMESTAMP('2024-11-15 18:37:19.000000', 'YYYY-MM-DD HH24:MI:SS.FF'), TO_TIMESTAMP('2024-11-15 20:37:19.000000', 'YYYY-MM-DD HH24:MI:SS.FF'), 00020000);
INSERT INTO Gym_Attendance (Attendance_ID, Client_ID, Check_in, Check_out, Facility_ID) VALUES (10001203, 00000014, TO_TIMESTAMP('2024-11-28 19:46:52.000000', 'YYYY-MM-DD HH24:MI:SS.FF'), TO_TIMESTAMP('2024-11-28 20:46:52.000000', 'YYYY-MM-DD HH24:MI:SS.FF'), 00050000);
INSERT INTO Gym_Attendance (Attendance_ID, Client_ID, Check_in, Check_out, Facility_ID) VALUES (10001204, 00000014, TO_TIMESTAMP('2024-11-28 05:19:03.000000', 'YYYY-MM-DD HH24:MI:SS.FF'), TO_TIMESTAMP('2024-11-28 07:19:03.000000', 'YYYY-MM-DD HH24:MI:SS.FF'), 00020000);
INSERT INTO Gym_Attendance (Attendance_ID, Client_ID, Check_in, Check_out, Facility_ID) VALUES (10001205, 00000014, TO_TIMESTAMP('2024-11-25 16:24:23.000000', 'YYYY-MM-DD HH24:MI:SS.FF'), TO_TIMESTAMP('2024-11-25 19:24:23.000000', 'YYYY-MM-DD HH24:MI:SS.FF'), 00030000);
INSERT INTO Gym_Attendance (Attendance_ID, Client_ID, Check_in, Check_out, Facility_ID) VALUES (10001206, 00000014, TO_TIMESTAMP('2024-11-12 02:07:04.000000', 'YYYY-MM-DD HH24:MI:SS.FF'), TO_TIMESTAMP('2024-11-12 03:07:04.000000', 'YYYY-MM-DD HH24:MI:SS.FF'), 00020000);
INSERT INTO Gym_Attendance (Attendance_ID, Client_ID, Check_in, Check_out, Facility_ID) VALUES (10001207, 00000014, TO_TIMESTAMP('2024-11-17 22:28:14.000000', 'YYYY-MM-DD HH24:MI:SS.FF'), TO_TIMESTAMP('2024-11-17 23:28:14.000000', 'YYYY-MM-DD HH24:MI:SS.FF'), 00010000);
INSERT INTO Gym_Attendance (Attendance_ID, Client_ID, Check_in, Check_out, Facility_ID) VALUES (10001208, 00000014, TO_TIMESTAMP('2024-11-27 19:46:17.000000', 'YYYY-MM-DD HH24:MI:SS.FF'), TO_TIMESTAMP('2024-11-27 21:46:17.000000', 'YYYY-MM-DD HH24:MI:SS.FF'), 00010000);
INSERT INTO Gym_Attendance (Attendance_ID, Client_ID, Check_in, Check_out, Facility_ID) VALUES (10001209, 00000014, TO_TIMESTAMP('2024-11-02 06:49:46.000000', 'YYYY-MM-DD HH24:MI:SS.FF'), TO_TIMESTAMP('2024-11-02 08:49:46.000000', 'YYYY-MM-DD HH24:MI:SS.FF'), 00010000);
INSERT INTO Gym_Attendance (Attendance_ID, Client_ID, Check_in, Check_out, Facility_ID) VALUES (10001210, 00000014, TO_TIMESTAMP('2024-11-29 10:39:49.000000', 'YYYY-MM-DD HH24:MI:SS.FF'), TO_TIMESTAMP('2024-11-29 11:39:49.000000', 'YYYY-MM-DD HH24:MI:SS.FF'), 00010000);
INSERT INTO Gym_Attendance (Attendance_ID, Client_ID, Check_in, Check_out, Facility_ID) VALUES (10001211, 00000014, TO_TIMESTAMP('2024-11-12 05:18:35.000000', 'YYYY-MM-DD HH24:MI:SS.FF'), TO_TIMESTAMP('2024-11-12 06:18:35.000000', 'YYYY-MM-DD HH24:MI:SS.FF'), 00030000);
INSERT INTO Gym_Attendance (Attendance_ID, Client_ID, Check_in, Check_out, Facility_ID) VALUES (10001212, 00000014, TO_TIMESTAMP('2024-11-25 21:46:40.000000', 'YYYY-MM-DD HH24:MI:SS.FF'), TO_TIMESTAMP('2024-11-25 23:46:40.000000', 'YYYY-MM-DD HH24:MI:SS.FF'), 00040000);
INSERT INTO Gym_Attendance (Attendance_ID, Client_ID, Check_in, Check_out, Facility_ID) VALUES (10001213, 00000014, TO_TIMESTAMP('2024-11-26 18:59:56.000000', 'YYYY-MM-DD HH24:MI:SS.FF'), TO_TIMESTAMP('2024-11-26 21:59:56.000000', 'YYYY-MM-DD HH24:MI:SS.FF'), 00010000);
INSERT INTO Gym_Attendance (Attendance_ID, Client_ID, Check_in, Check_out, Facility_ID) VALUES (10001214, 00000014, TO_TIMESTAMP('2024-11-08 04:44:55.000000', 'YYYY-MM-DD HH24:MI:SS.FF'), TO_TIMESTAMP('2024-11-08 05:44:55.000000', 'YYYY-MM-DD HH24:MI:SS.FF'), 00010000);
INSERT INTO Gym_Attendance (Attendance_ID, Client_ID, Check_in, Check_out, Facility_ID) VALUES (10001215, 00000014, TO_TIMESTAMP('2024-11-16 04:11:13.000000', 'YYYY-MM-DD HH24:MI:SS.FF'), TO_TIMESTAMP('2024-11-16 05:11:13.000000', 'YYYY-MM-DD HH24:MI:SS.FF'), 00050000);
INSERT INTO Gym_Attendance (Attendance_ID, Client_ID, Check_in, Check_out, Facility_ID) VALUES (10001216, 00000014, TO_TIMESTAMP('2024-11-01 12:56:39.000000', 'YYYY-MM-DD HH24:MI:SS.FF'), TO_TIMESTAMP('2024-11-01 14:56:39.000000', 'YYYY-MM-DD HH24:MI:SS.FF'), 00010000);
INSERT INTO Gym_Attendance (Attendance_ID, Client_ID, Check_in, Check_out, Facility_ID) VALUES (10001217, 00000014, TO_TIMESTAMP('2024-11-24 22:07:13.000000', 'YYYY-MM-DD HH24:MI:SS.FF'), TO_TIMESTAMP('2024-11-24 23:07:13.000000', 'YYYY-MM-DD HH24:MI:SS.FF'), 00040000);
INSERT INTO Gym_Attendance (Attendance_ID, Client_ID, Check_in, Check_out, Facility_ID) VALUES (10001218, 00000014, TO_TIMESTAMP('2024-11-05 16:13:43.000000', 'YYYY-MM-DD HH24:MI:SS.FF'), TO_TIMESTAMP('2024-11-05 18:13:43.000000', 'YYYY-MM-DD HH24:MI:SS.FF'), 00040000);
INSERT INTO Gym_Attendance (Attendance_ID, Client_ID, Check_in, Check_out, Facility_ID) VALUES (10001219, 00000015, TO_TIMESTAMP('2024-11-25 06:45:25.000000', 'YYYY-MM-DD HH24:MI:SS.FF'), TO_TIMESTAMP('2024-11-25 09:45:25.000000', 'YYYY-MM-DD HH24:MI:SS.FF'), 00020000);
INSERT INTO Gym_Attendance (Attendance_ID, Client_ID, Check_in, Check_out, Facility_ID) VALUES (10001220, 00000015, TO_TIMESTAMP('2024-11-10 00:46:29.000000', 'YYYY-MM-DD HH24:MI:SS.FF'), TO_TIMESTAMP('2024-11-10 03:46:29.000000', 'YYYY-MM-DD HH24:MI:SS.FF'), 00020000);
INSERT INTO Gym_Attendance (Attendance_ID, Client_ID, Check_in, Check_out, Facility_ID) VALUES (10001221, 00000015, TO_TIMESTAMP('2024-11-12 12:06:18.000000', 'YYYY-MM-DD HH24:MI:SS.FF'), TO_TIMESTAMP('2024-11-12 13:06:18.000000', 'YYYY-MM-DD HH24:MI:SS.FF'), 00020000);
INSERT INTO Gym_Attendance (Attendance_ID, Client_ID, Check_in, Check_out, Facility_ID) VALUES (10001222, 00000015, TO_TIMESTAMP('2024-11-03 02:29:49.000000', 'YYYY-MM-DD HH24:MI:SS.FF'), TO_TIMESTAMP('2024-11-03 03:29:49.000000', 'YYYY-MM-DD HH24:MI:SS.FF'), 00040000);
INSERT INTO Gym_Attendance (Attendance_ID, Client_ID, Check_in, Check_out, Facility_ID) VALUES (10001223, 00000015, TO_TIMESTAMP('2024-11-28 16:08:02.000000', 'YYYY-MM-DD HH24:MI:SS.FF'), TO_TIMESTAMP('2024-11-28 17:08:02.000000', 'YYYY-MM-DD HH24:MI:SS.FF'), 00040000);
INSERT INTO Gym_Attendance (Attendance_ID, Client_ID, Check_in, Check_out, Facility_ID) VALUES (10001224, 00000015, TO_TIMESTAMP('2024-11-07 01:45:33.000000', 'YYYY-MM-DD HH24:MI:SS.FF'), TO_TIMESTAMP('2024-11-07 04:45:33.000000', 'YYYY-MM-DD HH24:MI:SS.FF'), 00050000);
INSERT INTO Gym_Attendance (Attendance_ID, Client_ID, Check_in, Check_out, Facility_ID) VALUES (10001225, 00000015, TO_TIMESTAMP('2024-11-16 19:39:14.000000', 'YYYY-MM-DD HH24:MI:SS.FF'), TO_TIMESTAMP('2024-11-16 21:39:14.000000', 'YYYY-MM-DD HH24:MI:SS.FF'), 00040000);
INSERT INTO Gym_Attendance (Attendance_ID, Client_ID, Check_in, Check_out, Facility_ID) VALUES (10001226, 00000015, TO_TIMESTAMP('2024-11-23 20:02:08.000000', 'YYYY-MM-DD HH24:MI:SS.FF'), TO_TIMESTAMP('2024-11-23 21:02:08.000000', 'YYYY-MM-DD HH24:MI:SS.FF'), 00030000);
INSERT INTO Gym_Attendance (Attendance_ID, Client_ID, Check_in, Check_out, Facility_ID) VALUES (10001227, 00000015, TO_TIMESTAMP('2024-11-23 09:34:24.000000', 'YYYY-MM-DD HH24:MI:SS.FF'), TO_TIMESTAMP('2024-11-23 12:34:24.000000', 'YYYY-MM-DD HH24:MI:SS.FF'), 00040000);
INSERT INTO Gym_Attendance (Attendance_ID, Client_ID, Check_in, Check_out, Facility_ID) VALUES (10001228, 00000015, TO_TIMESTAMP('2024-11-16 21:25:55.000000', 'YYYY-MM-DD HH24:MI:SS.FF'), TO_TIMESTAMP('2024-11-16 23:25:55.000000', 'YYYY-MM-DD HH24:MI:SS.FF'), 00010000);
INSERT INTO Gym_Attendance (Attendance_ID, Client_ID, Check_in, Check_out, Facility_ID) VALUES (10001229, 00000015, TO_TIMESTAMP('2024-11-09 23:53:54.000000', 'YYYY-MM-DD HH24:MI:SS.FF'), TO_TIMESTAMP('2024-11-10 01:53:54.000000', 'YYYY-MM-DD HH24:MI:SS.FF'), 00030000);
INSERT INTO Gym_Attendance (Attendance_ID, Client_ID, Check_in, Check_out, Facility_ID) VALUES (10001230, 00000015, TO_TIMESTAMP('2024-11-07 20:49:42.000000', 'YYYY-MM-DD HH24:MI:SS.FF'), TO_TIMESTAMP('2024-11-07 21:49:42.000000', 'YYYY-MM-DD HH24:MI:SS.FF'), 00020000);
INSERT INTO Gym_Attendance (Attendance_ID, Client_ID, Check_in, Check_out, Facility_ID) VALUES (10001231, 00000015, TO_TIMESTAMP('2024-11-25 12:31:58.000000', 'YYYY-MM-DD HH24:MI:SS.FF'), TO_TIMESTAMP('2024-11-25 14:31:58.000000', 'YYYY-MM-DD HH24:MI:SS.FF'), 00040000);
INSERT INTO Gym_Attendance (Attendance_ID, Client_ID, Check_in, Check_out, Facility_ID) VALUES (10001232, 00000015, TO_TIMESTAMP('2024-11-08 17:25:03.000000', 'YYYY-MM-DD HH24:MI:SS.FF'), TO_TIMESTAMP('2024-11-08 18:25:03.000000', 'YYYY-MM-DD HH24:MI:SS.FF'), 00040000);
INSERT INTO Gym_Attendance (Attendance_ID, Client_ID, Check_in, Check_out, Facility_ID) VALUES (10001233, 00000015, TO_TIMESTAMP('2024-11-15 17:30:34.000000', 'YYYY-MM-DD HH24:MI:SS.FF'), TO_TIMESTAMP('2024-11-15 20:30:34.000000', 'YYYY-MM-DD HH24:MI:SS.FF'), 00050000);
INSERT INTO Gym_Attendance (Attendance_ID, Client_ID, Check_in, Check_out, Facility_ID) VALUES (10001234, 00000015, TO_TIMESTAMP('2024-11-16 23:13:55.000000', 'YYYY-MM-DD HH24:MI:SS.FF'), TO_TIMESTAMP('2024-11-17 02:13:55.000000', 'YYYY-MM-DD HH24:MI:SS.FF'), 00040000);
INSERT INTO Gym_Attendance (Attendance_ID, Client_ID, Check_in, Check_out, Facility_ID) VALUES (10001235, 00000015, TO_TIMESTAMP('2024-11-27 13:26:30.000000', 'YYYY-MM-DD HH24:MI:SS.FF'), TO_TIMESTAMP('2024-11-27 14:26:30.000000', 'YYYY-MM-DD HH24:MI:SS.FF'), 00050000);
INSERT INTO Gym_Attendance (Attendance_ID, Client_ID, Check_in, Check_out, Facility_ID) VALUES (10001236, 00000015, TO_TIMESTAMP('2024-11-19 02:42:06.000000', 'YYYY-MM-DD HH24:MI:SS.FF'), TO_TIMESTAMP('2024-11-19 04:42:06.000000', 'YYYY-MM-DD HH24:MI:SS.FF'), 00030000);
INSERT INTO Gym_Attendance (Attendance_ID, Client_ID, Check_in, Check_out, Facility_ID) VALUES (10001237, 00000015, TO_TIMESTAMP('2024-11-25 03:22:07.000000', 'YYYY-MM-DD HH24:MI:SS.FF'), TO_TIMESTAMP('2024-11-25 06:22:07.000000', 'YYYY-MM-DD HH24:MI:SS.FF'), 00010000);
INSERT INTO Gym_Attendance (Attendance_ID, Client_ID, Check_in, Check_out, Facility_ID) VALUES (10001238, 00000015, TO_TIMESTAMP('2024-11-28 12:43:59.000000', 'YYYY-MM-DD HH24:MI:SS.FF'), TO_TIMESTAMP('2024-11-28 14:43:59.000000', 'YYYY-MM-DD HH24:MI:SS.FF'), 00050000);
INSERT INTO Gym_Attendance (Attendance_ID, Client_ID, Check_in, Check_out, Facility_ID) VALUES (10001239, 00000015, TO_TIMESTAMP('2024-11-05 12:27:10.000000', 'YYYY-MM-DD HH24:MI:SS.FF'), TO_TIMESTAMP('2024-11-05 14:27:10.000000', 'YYYY-MM-DD HH24:MI:SS.FF'), 00050000);
INSERT INTO Gym_Attendance (Attendance_ID, Client_ID, Check_in, Check_out, Facility_ID) VALUES (10001240, 00000016, TO_TIMESTAMP('2024-11-17 07:37:09.000000', 'YYYY-MM-DD HH24:MI:SS.FF'), TO_TIMESTAMP('2024-11-17 09:37:09.000000', 'YYYY-MM-DD HH24:MI:SS.FF'), 00040000);
INSERT INTO Gym_Attendance (Attendance_ID, Client_ID, Check_in, Check_out, Facility_ID) VALUES (10001241, 00000016, TO_TIMESTAMP('2024-11-17 00:01:57.000000', 'YYYY-MM-DD HH24:MI:SS.FF'), TO_TIMESTAMP('2024-11-17 02:01:57.000000', 'YYYY-MM-DD HH24:MI:SS.FF'), 00010000);
INSERT INTO Gym_Attendance (Attendance_ID, Client_ID, Check_in, Check_out, Facility_ID) VALUES (10001242, 00000016, TO_TIMESTAMP('2024-11-28 17:59:27.000000', 'YYYY-MM-DD HH24:MI:SS.FF'), TO_TIMESTAMP('2024-11-28 19:59:27.000000', 'YYYY-MM-DD HH24:MI:SS.FF'), 00030000);
INSERT INTO Gym_Attendance (Attendance_ID, Client_ID, Check_in, Check_out, Facility_ID) VALUES (10001243, 00000016, TO_TIMESTAMP('2024-11-28 14:30:29.000000', 'YYYY-MM-DD HH24:MI:SS.FF'), TO_TIMESTAMP('2024-11-28 16:30:29.000000', 'YYYY-MM-DD HH24:MI:SS.FF'), 00010000);
INSERT INTO Gym_Attendance (Attendance_ID, Client_ID, Check_in, Check_out, Facility_ID) VALUES (10001244, 00000016, TO_TIMESTAMP('2024-11-18 13:29:35.000000', 'YYYY-MM-DD HH24:MI:SS.FF'), TO_TIMESTAMP('2024-11-18 16:29:35.000000', 'YYYY-MM-DD HH24:MI:SS.FF'), 00040000);
INSERT INTO Gym_Attendance (Attendance_ID, Client_ID, Check_in, Check_out, Facility_ID) VALUES (10001245, 00000016, TO_TIMESTAMP('2024-11-12 04:20:19.000000', 'YYYY-MM-DD HH24:MI:SS.FF'), TO_TIMESTAMP('2024-11-12 05:20:19.000000', 'YYYY-MM-DD HH24:MI:SS.FF'), 00040000);
INSERT INTO Gym_Attendance (Attendance_ID, Client_ID, Check_in, Check_out, Facility_ID) VALUES (10001246, 00000016, TO_TIMESTAMP('2024-11-26 06:21:26.000000', 'YYYY-MM-DD HH24:MI:SS.FF'), TO_TIMESTAMP('2024-11-26 07:21:26.000000', 'YYYY-MM-DD HH24:MI:SS.FF'), 00020000);
INSERT INTO Gym_Attendance (Attendance_ID, Client_ID, Check_in, Check_out, Facility_ID) VALUES (10001247, 00000016, TO_TIMESTAMP('2024-11-14 16:59:50.000000', 'YYYY-MM-DD HH24:MI:SS.FF'), TO_TIMESTAMP('2024-11-14 18:59:50.000000', 'YYYY-MM-DD HH24:MI:SS.FF'), 00040000);
INSERT INTO Gym_Attendance (Attendance_ID, Client_ID, Check_in, Check_out, Facility_ID) VALUES (10001248, 00000016, TO_TIMESTAMP('2024-11-16 01:49:19.000000', 'YYYY-MM-DD HH24:MI:SS.FF'), TO_TIMESTAMP('2024-11-16 03:49:19.000000', 'YYYY-MM-DD HH24:MI:SS.FF'), 00030000);
INSERT INTO Gym_Attendance (Attendance_ID, Client_ID, Check_in, Check_out, Facility_ID) VALUES (10001249, 00000016, TO_TIMESTAMP('2024-11-23 06:02:36.000000', 'YYYY-MM-DD HH24:MI:SS.FF'), TO_TIMESTAMP('2024-11-23 08:02:36.000000', 'YYYY-MM-DD HH24:MI:SS.FF'), 00050000);
INSERT INTO Gym_Attendance (Attendance_ID, Client_ID, Check_in, Check_out, Facility_ID) VALUES (10001250, 00000016, TO_TIMESTAMP('2024-11-19 08:54:51.000000', 'YYYY-MM-DD HH24:MI:SS.FF'), TO_TIMESTAMP('2024-11-19 10:54:51.000000', 'YYYY-MM-DD HH24:MI:SS.FF'), 00020000);
INSERT INTO Gym_Attendance (Attendance_ID, Client_ID, Check_in, Check_out, Facility_ID) VALUES (10001251, 00000016, TO_TIMESTAMP('2024-11-04 01:15:02.000000', 'YYYY-MM-DD HH24:MI:SS.FF'), TO_TIMESTAMP('2024-11-04 04:15:02.000000', 'YYYY-MM-DD HH24:MI:SS.FF'), 00050000);
INSERT INTO Gym_Attendance (Attendance_ID, Client_ID, Check_in, Check_out, Facility_ID) VALUES (10001252, 00000016, TO_TIMESTAMP('2024-11-23 12:36:05.000000', 'YYYY-MM-DD HH24:MI:SS.FF'), TO_TIMESTAMP('2024-11-23 13:36:05.000000', 'YYYY-MM-DD HH24:MI:SS.FF'), 00010000);
INSERT INTO Gym_Attendance (Attendance_ID, Client_ID, Check_in, Check_out, Facility_ID) VALUES (10001253, 00000016, TO_TIMESTAMP('2024-11-17 17:45:35.000000', 'YYYY-MM-DD HH24:MI:SS.FF'), TO_TIMESTAMP('2024-11-17 18:45:35.000000', 'YYYY-MM-DD HH24:MI:SS.FF'), 00030000);
INSERT INTO Gym_Attendance (Attendance_ID, Client_ID, Check_in, Check_out, Facility_ID) VALUES (10001254, 00000016, TO_TIMESTAMP('2024-11-05 11:12:47.000000', 'YYYY-MM-DD HH24:MI:SS.FF'), TO_TIMESTAMP('2024-11-05 12:12:47.000000', 'YYYY-MM-DD HH24:MI:SS.FF'), 00030000);
INSERT INTO Gym_Attendance (Attendance_ID, Client_ID, Check_in, Check_out, Facility_ID) VALUES (10001255, 00000016, TO_TIMESTAMP('2024-11-03 08:43:25.000000', 'YYYY-MM-DD HH24:MI:SS.FF'), TO_TIMESTAMP('2024-11-03 09:43:25.000000', 'YYYY-MM-DD HH24:MI:SS.FF'), 00010000);
INSERT INTO Gym_Attendance (Attendance_ID, Client_ID, Check_in, Check_out, Facility_ID) VALUES (10001256, 00000016, TO_TIMESTAMP('2024-11-28 15:09:00.000000', 'YYYY-MM-DD HH24:MI:SS.FF'), TO_TIMESTAMP('2024-11-28 17:09:00.000000', 'YYYY-MM-DD HH24:MI:SS.FF'), 00020000);
INSERT INTO Gym_Attendance (Attendance_ID, Client_ID, Check_in, Check_out, Facility_ID) VALUES (10001257, 00000016, TO_TIMESTAMP('2024-11-22 08:56:19.000000', 'YYYY-MM-DD HH24:MI:SS.FF'), TO_TIMESTAMP('2024-11-22 10:56:19.000000', 'YYYY-MM-DD HH24:MI:SS.FF'), 00040000);
INSERT INTO Gym_Attendance (Attendance_ID, Client_ID, Check_in, Check_out, Facility_ID) VALUES (10001258, 00000016, TO_TIMESTAMP('2024-11-25 03:41:44.000000', 'YYYY-MM-DD HH24:MI:SS.FF'), TO_TIMESTAMP('2024-11-25 05:41:44.000000', 'YYYY-MM-DD HH24:MI:SS.FF'), 00010000);
INSERT INTO Gym_Attendance (Attendance_ID, Client_ID, Check_in, Check_out, Facility_ID) VALUES (10001259, 00000016, TO_TIMESTAMP('2024-11-19 19:39:57.000000', 'YYYY-MM-DD HH24:MI:SS.FF'), TO_TIMESTAMP('2024-11-19 22:39:57.000000', 'YYYY-MM-DD HH24:MI:SS.FF'), 00040000);
INSERT INTO Gym_Attendance (Attendance_ID, Client_ID, Check_in, Check_out, Facility_ID) VALUES (10001260, 00000017, TO_TIMESTAMP('2024-11-19 21:17:45.000000', 'YYYY-MM-DD HH24:MI:SS.FF'), TO_TIMESTAMP('2024-11-19 23:17:45.000000', 'YYYY-MM-DD HH24:MI:SS.FF'), 00050000);
INSERT INTO Gym_Attendance (Attendance_ID, Client_ID, Check_in, Check_out, Facility_ID) VALUES (10001261, 00000017, TO_TIMESTAMP('2024-11-11 02:28:07.000000', 'YYYY-MM-DD HH24:MI:SS.FF'), TO_TIMESTAMP('2024-11-11 05:28:07.000000', 'YYYY-MM-DD HH24:MI:SS.FF'), 00030000);
INSERT INTO Gym_Attendance (Attendance_ID, Client_ID, Check_in, Check_out, Facility_ID) VALUES (10001262, 00000017, TO_TIMESTAMP('2024-11-18 16:30:58.000000', 'YYYY-MM-DD HH24:MI:SS.FF'), TO_TIMESTAMP('2024-11-18 18:30:58.000000', 'YYYY-MM-DD HH24:MI:SS.FF'), 00020000);
INSERT INTO Gym_Attendance (Attendance_ID, Client_ID, Check_in, Check_out, Facility_ID) VALUES (10001263, 00000017, TO_TIMESTAMP('2024-11-08 19:40:10.000000', 'YYYY-MM-DD HH24:MI:SS.FF'), TO_TIMESTAMP('2024-11-08 20:40:10.000000', 'YYYY-MM-DD HH24:MI:SS.FF'), 00010000);
INSERT INTO Gym_Attendance (Attendance_ID, Client_ID, Check_in, Check_out, Facility_ID) VALUES (10001264, 00000017, TO_TIMESTAMP('2024-11-14 20:08:15.000000', 'YYYY-MM-DD HH24:MI:SS.FF'), TO_TIMESTAMP('2024-11-14 21:08:15.000000', 'YYYY-MM-DD HH24:MI:SS.FF'), 00020000);
INSERT INTO Gym_Attendance (Attendance_ID, Client_ID, Check_in, Check_out, Facility_ID) VALUES (10001265, 00000017, TO_TIMESTAMP('2024-11-04 10:05:43.000000', 'YYYY-MM-DD HH24:MI:SS.FF'), TO_TIMESTAMP('2024-11-04 11:05:43.000000', 'YYYY-MM-DD HH24:MI:SS.FF'), 00010000);
INSERT INTO Gym_Attendance (Attendance_ID, Client_ID, Check_in, Check_out, Facility_ID) VALUES (10001266, 00000017, TO_TIMESTAMP('2024-11-18 00:55:57.000000', 'YYYY-MM-DD HH24:MI:SS.FF'), TO_TIMESTAMP('2024-11-18 02:55:57.000000', 'YYYY-MM-DD HH24:MI:SS.FF'), 00030000);
INSERT INTO Gym_Attendance (Attendance_ID, Client_ID, Check_in, Check_out, Facility_ID) VALUES (10001267, 00000017, TO_TIMESTAMP('2024-11-21 15:08:49.000000', 'YYYY-MM-DD HH24:MI:SS.FF'), TO_TIMESTAMP('2024-11-21 16:08:49.000000', 'YYYY-MM-DD HH24:MI:SS.FF'), 00040000);
INSERT INTO Gym_Attendance (Attendance_ID, Client_ID, Check_in, Check_out, Facility_ID) VALUES (10001268, 00000017, TO_TIMESTAMP('2024-11-09 06:22:28.000000', 'YYYY-MM-DD HH24:MI:SS.FF'), TO_TIMESTAMP('2024-11-09 08:22:28.000000', 'YYYY-MM-DD HH24:MI:SS.FF'), 00040000);
INSERT INTO Gym_Attendance (Attendance_ID, Client_ID, Check_in, Check_out, Facility_ID) VALUES (10001269, 00000017, TO_TIMESTAMP('2024-11-06 15:44:44.000000', 'YYYY-MM-DD HH24:MI:SS.FF'), TO_TIMESTAMP('2024-11-06 16:44:44.000000', 'YYYY-MM-DD HH24:MI:SS.FF'), 00010000);
INSERT INTO Gym_Attendance (Attendance_ID, Client_ID, Check_in, Check_out, Facility_ID) VALUES (10001270, 00000017, TO_TIMESTAMP('2024-11-13 08:59:55.000000', 'YYYY-MM-DD HH24:MI:SS.FF'), TO_TIMESTAMP('2024-11-13 10:59:55.000000', 'YYYY-MM-DD HH24:MI:SS.FF'), 00030000);
INSERT INTO Gym_Attendance (Attendance_ID, Client_ID, Check_in, Check_out, Facility_ID) VALUES (10001271, 00000017, TO_TIMESTAMP('2024-11-16 11:24:31.000000', 'YYYY-MM-DD HH24:MI:SS.FF'), TO_TIMESTAMP('2024-11-16 14:24:31.000000', 'YYYY-MM-DD HH24:MI:SS.FF'), 00030000);
INSERT INTO Gym_Attendance (Attendance_ID, Client_ID, Check_in, Check_out, Facility_ID) VALUES (10001272, 00000018, TO_TIMESTAMP('2024-11-29 15:12:38.000000', 'YYYY-MM-DD HH24:MI:SS.FF'), TO_TIMESTAMP('2024-11-29 16:12:38.000000', 'YYYY-MM-DD HH24:MI:SS.FF'), 00020000);
INSERT INTO Gym_Attendance (Attendance_ID, Client_ID, Check_in, Check_out, Facility_ID) VALUES (10001273, 00000018, TO_TIMESTAMP('2024-11-24 08:53:57.000000', 'YYYY-MM-DD HH24:MI:SS.FF'), TO_TIMESTAMP('2024-11-24 10:53:57.000000', 'YYYY-MM-DD HH24:MI:SS.FF'), 00040000);
INSERT INTO Gym_Attendance (Attendance_ID, Client_ID, Check_in, Check_out, Facility_ID) VALUES (10001274, 00000018, TO_TIMESTAMP('2024-11-14 04:34:57.000000', 'YYYY-MM-DD HH24:MI:SS.FF'), TO_TIMESTAMP('2024-11-14 07:34:57.000000', 'YYYY-MM-DD HH24:MI:SS.FF'), 00040000);
INSERT INTO Gym_Attendance (Attendance_ID, Client_ID, Check_in, Check_out, Facility_ID) VALUES (10001275, 00000018, TO_TIMESTAMP('2024-11-02 14:41:07.000000', 'YYYY-MM-DD HH24:MI:SS.FF'), TO_TIMESTAMP('2024-11-02 15:41:07.000000', 'YYYY-MM-DD HH24:MI:SS.FF'), 00050000);
INSERT INTO Gym_Attendance (Attendance_ID, Client_ID, Check_in, Check_out, Facility_ID) VALUES (10001276, 00000018, TO_TIMESTAMP('2024-11-29 18:41:53.000000', 'YYYY-MM-DD HH24:MI:SS.FF'), TO_TIMESTAMP('2024-11-29 19:41:53.000000', 'YYYY-MM-DD HH24:MI:SS.FF'), 00020000);
INSERT INTO Gym_Attendance (Attendance_ID, Client_ID, Check_in, Check_out, Facility_ID) VALUES (10001277, 00000018, TO_TIMESTAMP('2024-11-01 18:24:11.000000', 'YYYY-MM-DD HH24:MI:SS.FF'), TO_TIMESTAMP('2024-11-01 21:24:11.000000', 'YYYY-MM-DD HH24:MI:SS.FF'), 00010000);
INSERT INTO Gym_Attendance (Attendance_ID, Client_ID, Check_in, Check_out, Facility_ID) VALUES (10001278, 00000018, TO_TIMESTAMP('2024-11-11 16:21:56.000000', 'YYYY-MM-DD HH24:MI:SS.FF'), TO_TIMESTAMP('2024-11-11 18:21:56.000000', 'YYYY-MM-DD HH24:MI:SS.FF'), 00050000);
INSERT INTO Gym_Attendance (Attendance_ID, Client_ID, Check_in, Check_out, Facility_ID) VALUES (10001279, 00000019, TO_TIMESTAMP('2024-11-17 01:23:33.000000', 'YYYY-MM-DD HH24:MI:SS.FF'), TO_TIMESTAMP('2024-11-17 04:23:33.000000', 'YYYY-MM-DD HH24:MI:SS.FF'), 00040000);
INSERT INTO Gym_Attendance (Attendance_ID, Client_ID, Check_in, Check_out, Facility_ID) VALUES (10001280, 00000019, TO_TIMESTAMP('2024-11-20 05:02:32.000000', 'YYYY-MM-DD HH24:MI:SS.FF'), TO_TIMESTAMP('2024-11-20 07:02:32.000000', 'YYYY-MM-DD HH24:MI:SS.FF'), 00010000);
INSERT INTO Gym_Attendance (Attendance_ID, Client_ID, Check_in, Check_out, Facility_ID) VALUES (10001281, 00000019, TO_TIMESTAMP('2024-11-18 20:47:31.000000', 'YYYY-MM-DD HH24:MI:SS.FF'), TO_TIMESTAMP('2024-11-18 21:47:31.000000', 'YYYY-MM-DD HH24:MI:SS.FF'), 00050000);
INSERT INTO Gym_Attendance (Attendance_ID, Client_ID, Check_in, Check_out, Facility_ID) VALUES (10001282, 00000019, TO_TIMESTAMP('2024-11-07 23:26:51.000000', 'YYYY-MM-DD HH24:MI:SS.FF'), TO_TIMESTAMP('2024-11-08 01:26:51.000000', 'YYYY-MM-DD HH24:MI:SS.FF'), 00040000);
INSERT INTO Gym_Attendance (Attendance_ID, Client_ID, Check_in, Check_out, Facility_ID) VALUES (10001283, 00000019, TO_TIMESTAMP('2024-11-15 12:06:54.000000', 'YYYY-MM-DD HH24:MI:SS.FF'), TO_TIMESTAMP('2024-11-15 15:06:54.000000', 'YYYY-MM-DD HH24:MI:SS.FF'), 00050000);
INSERT INTO Gym_Attendance (Attendance_ID, Client_ID, Check_in, Check_out, Facility_ID) VALUES (10001284, 00000020, TO_TIMESTAMP('2024-11-02 17:14:26.000000', 'YYYY-MM-DD HH24:MI:SS.FF'), TO_TIMESTAMP('2024-11-02 19:14:26.000000', 'YYYY-MM-DD HH24:MI:SS.FF'), 00010000);
INSERT INTO Gym_Attendance (Attendance_ID, Client_ID, Check_in, Check_out, Facility_ID) VALUES (10001285, 00000020, TO_TIMESTAMP('2024-11-06 05:59:36.000000', 'YYYY-MM-DD HH24:MI:SS.FF'), TO_TIMESTAMP('2024-11-06 08:59:36.000000', 'YYYY-MM-DD HH24:MI:SS.FF'), 00010000);
INSERT INTO Gym_Attendance (Attendance_ID, Client_ID, Check_in, Check_out, Facility_ID) VALUES (10001286, 00000020, TO_TIMESTAMP('2024-11-11 16:02:38.000000', 'YYYY-MM-DD HH24:MI:SS.FF'), TO_TIMESTAMP('2024-11-11 18:02:38.000000', 'YYYY-MM-DD HH24:MI:SS.FF'), 00010000);
INSERT INTO Gym_Attendance (Attendance_ID, Client_ID, Check_in, Check_out, Facility_ID) VALUES (10001287, 00000020, TO_TIMESTAMP('2024-11-05 20:26:32.000000', 'YYYY-MM-DD HH24:MI:SS.FF'), TO_TIMESTAMP('2024-11-05 21:26:32.000000', 'YYYY-MM-DD HH24:MI:SS.FF'), 00010000);

-- EQUIPMENT RENTALS

INSERT INTO Equipment_Rentals (Rental_ID, Facility_ID, Equipment_SNo, Equipment_Model, Client_ID, Rental_Date, Return_Date, Maintenance_Schedule) VALUES (10000101, 00010000, 111, 'Barbells', 00000001, to_date('2024-03-07', 'YYYY-MM-DD'), to_date('2024-08-19', 'YYYY-MM-DD'), to_date('2024-03-21', 'YYYY-MM-DD'));
INSERT INTO Equipment_Rentals (Rental_ID, Facility_ID, Equipment_SNo, Equipment_Model, Client_ID, Rental_Date, Return_Date, Maintenance_Schedule) VALUES (10000102, 00020000, 222, 'Treadmill', 00000004, to_date('2024-08-23', 'YYYY-MM-DD'), to_date('2024-05-12', 'YYYY-MM-DD'), to_date('2024-11-07', 'YYYY-MM-DD'));
INSERT INTO Equipment_Rentals (Rental_ID, Facility_ID, Equipment_SNo, Equipment_Model, Client_ID, Rental_Date, Return_Date, Maintenance_Schedule) VALUES (10000103, 00030000, 333, 'Treadmill', 00000005, to_date('2024-10-15', 'YYYY-MM-DD'), to_date('2024-08-27', 'YYYY-MM-DD'), to_date('2024-02-13', 'YYYY-MM-DD'));
INSERT INTO Equipment_Rentals (Rental_ID, Facility_ID, Equipment_SNo, Equipment_Model, Client_ID, Rental_Date, Return_Date, Maintenance_Schedule) VALUES (10000104, 00040000, 444, 'Dumbbells', 00000007, to_date('2024-07-05', 'YYYY-MM-DD'), to_date('2024-03-30', 'YYYY-MM-DD'), to_date('2024-04-10', 'YYYY-MM-DD'));
INSERT INTO Equipment_Rentals (Rental_ID, Facility_ID, Equipment_SNo, Equipment_Model, Client_ID, Rental_Date, Return_Date, Maintenance_Schedule) VALUES (10000105, 00050000, 555, 'Exercise Bike', 00000011, to_date('2024-07-27', 'YYYY-MM-DD'), to_date('2024-11-07', 'YYYY-MM-DD'), to_date('2024-09-09', 'YYYY-MM-DD'));
INSERT INTO Equipment_Rentals (Rental_ID, Facility_ID, Equipment_SNo, Equipment_Model, Client_ID, Rental_Date, Return_Date, Maintenance_Schedule) VALUES (10000106, 00010000, 666, 'Pull-up Bars', 00000012, to_date('2024-08-23', 'YYYY-MM-DD'), to_date('2024-03-12', 'YYYY-MM-DD'), to_date('2024-01-21', 'YYYY-MM-DD'));
INSERT INTO Equipment_Rentals (Rental_ID, Facility_ID, Equipment_SNo, Equipment_Model, Client_ID, Rental_Date, Return_Date, Maintenance_Schedule) VALUES (10000107, 00020000, 777, 'Medicine Balls', 00000014, to_date('2024-03-24', 'YYYY-MM-DD'), to_date('2024-02-22', 'YYYY-MM-DD'), to_date('2024-08-04', 'YYYY-MM-DD'));
INSERT INTO Equipment_Rentals (Rental_ID, Facility_ID, Equipment_SNo, Equipment_Model, Client_ID, Rental_Date, Return_Date, Maintenance_Schedule) VALUES (10000108, 00030000, 888, 'Medicine Balls', 00000015, to_date('2024-11-06', 'YYYY-MM-DD'), to_date('2024-02-12', 'YYYY-MM-DD'), to_date('2024-08-20', 'YYYY-MM-DD'));
INSERT INTO Equipment_Rentals (Rental_ID, Facility_ID, Equipment_SNo, Equipment_Model, Client_ID, Rental_Date, Return_Date, Maintenance_Schedule) VALUES (10000109, 00040000, 999, 'Barbells', 00000017, to_date('2024-02-08', 'YYYY-MM-DD'), to_date('2024-11-08', 'YYYY-MM-DD'), to_date('2024-10-31', 'YYYY-MM-DD'));
INSERT INTO Equipment_Rentals (Rental_ID, Facility_ID, Equipment_SNo, Equipment_Model, Client_ID, Rental_Date, Return_Date, Maintenance_Schedule) VALUES (10000110, 00050000, 000, 'Exercise Bike', 00000019, to_date('2024-01-01', 'YYYY-MM-DD'), to_date('2024-11-07', 'YYYY-MM-DD'), to_date('2024-08-26', 'YYYY-MM-DD'));


-- CLASS BOOKINGS

INSERT INTO Class_Bookings (Booking_ID, Class_ID, Client_ID, Status) VALUES (11000001, 01000000, 00000001, 'Waitlisted');
INSERT INTO Class_Bookings (Booking_ID, Class_ID, Client_ID, Status) VALUES (11000002, 02000000, 00000004, 'Canceled');
INSERT INTO Class_Bookings (Booking_ID, Class_ID, Client_ID, Status) VALUES (11000003, 03000000, 00000005, 'Waitlisted');
INSERT INTO Class_Bookings (Booking_ID, Class_ID, Client_ID, Status) VALUES (11000004, 04000000, 00000007, 'Waitlisted');
INSERT INTO Class_Bookings (Booking_ID, Class_ID, Client_ID, Status) VALUES (11000005, 05000000, 00000011, 'Canceled');
INSERT INTO Class_Bookings (Booking_ID, Class_ID, Client_ID, Status) VALUES (11000006, 06000000, 00000012, 'Canceled');
INSERT INTO Class_Bookings (Booking_ID, Class_ID, Client_ID, Status) VALUES (11000007, 07000000, 00000014, 'Canceled');
INSERT INTO Class_Bookings (Booking_ID, Class_ID, Client_ID, Status) VALUES (11000008, 08000000, 00000015, 'Confirmed');
INSERT INTO Class_Bookings (Booking_ID, Class_ID, Client_ID, Status) VALUES (11000009, 09000000, 00000017, 'Confirmed');
INSERT INTO Class_Bookings (Booking_ID, Class_ID, Client_ID, Status) VALUES (11000010, 10000000, 00000019, 'Canceled');
INSERT INTO Class_Bookings (Booking_ID, Class_ID, Client_ID, Status) VALUES (11000011, 06000000, 00000001, 'Confirmed');
INSERT INTO Class_Bookings (Booking_ID, Class_ID, Client_ID, Status) VALUES (11000012, 07000000, 00000004, 'Waitlisted');
INSERT INTO Class_Bookings (Booking_ID, Class_ID, Client_ID, Status) VALUES (11000013, 08000000, 00000005, 'Confirmed');
INSERT INTO Class_Bookings (Booking_ID, Class_ID, Client_ID, Status) VALUES (11000014, 09000000, 00000007, 'Canceled');
INSERT INTO Class_Bookings (Booking_ID, Class_ID, Client_ID, Status) VALUES (11000015, 10000000, 00000011, 'Canceled');

-- BILLING


INSERT INTO Billing (Billing_ID, Transaction_ID, Client_ID, Service_Name, Amount, Billing_Date_Time, Payment_Method, Payment_Status, Discount_Applied, Discount_Amount, Discount_ID) VALUES (11001101, 111292, 00000001,'Membership', 205.49, to_timestamp('2024-10-19 23:26:23.961062', 'YYYY-MM-DD HH24:MI:SS:FF'), 'Direct Debit', 'CONFIRMED', 'N', 0.0, Null);
INSERT INTO Billing (Billing_ID, Transaction_ID, Client_ID, Service_Name, Amount, Billing_Date_Time, Payment_Method, Payment_Status, Discount_Applied, Discount_Amount, Discount_ID) VALUES (11001102, 492867, 00000004,'Class Booking', 273.77, to_timestamp('2024-06-29 00:37:30.634432', 'YYYY-MM-DD HH24:MI:SS:FF'), 'Debit Card', 'CONFIRMED', 'Y', 6.22, 00011000);
INSERT INTO Billing (Billing_ID, Transaction_ID, Client_ID, Service_Name, Amount, Billing_Date_Time, Payment_Method, Payment_Status, Discount_Applied, Discount_Amount, Discount_ID) VALUES (11001103, Null, 00000005,'Personal Training', 167.98, to_timestamp('2024-09-13 01:46:13.357377', 'YYYY-MM-DD HH24:MI:SS:FF'), 'Credit Card', 'PENDING', 'N', 0.0, Null);
INSERT INTO Billing (Billing_ID, Transaction_ID, Client_ID, Service_Name, Amount, Billing_Date_Time, Payment_Method, Payment_Status, Discount_Applied, Discount_Amount, Discount_ID) VALUES (11001104, Null, 00000007,'Health Assessment', 484.53, to_timestamp('2024-07-15 02:00:23.478838', 'YYYY-MM-DD HH24:MI:SS:FF'), 'Direct Debit', 'PENDING', 'Y', 35.15, 00012000);
INSERT INTO Billing (Billing_ID, Transaction_ID, Client_ID, Service_Name, Amount, Billing_Date_Time, Payment_Method, Payment_Status, Discount_Applied, Discount_Amount, Discount_ID) VALUES (11001105, 146647, 00000011,'Other', 13.67, to_timestamp('2024-09-18 01:50:21.298339', 'YYYY-MM-DD HH24:MI:SS:FF'), 'Debit Card', 'CONFIRMED', 'N', 0.0, Null);
INSERT INTO Billing (Billing_ID, Transaction_ID, Client_ID, Service_Name, Amount, Billing_Date_Time, Payment_Method, Payment_Status, Discount_Applied, Discount_Amount, Discount_ID) VALUES (11001106, Null, 00000012,'Membership', 157.5, to_timestamp('2024-02-05 16:50:17.728381', 'YYYY-MM-DD HH24:MI:SS:FF'), 'Cash', 'PENDING', 'N', 0.0, Null);
INSERT INTO Billing (Billing_ID, Transaction_ID, Client_ID, Service_Name, Amount, Billing_Date_Time, Payment_Method, Payment_Status, Discount_Applied, Discount_Amount, Discount_ID) VALUES (11001107, Null, 00000014,'Class Booking', 494.28, to_timestamp('2024-08-18 13:06:26.930029', 'YYYY-MM-DD HH24:MI:SS:FF'), 'Cash', 'PENDING', 'Y', 59.66, 00013000);
INSERT INTO Billing (Billing_ID, Transaction_ID, Client_ID, Service_Name, Amount, Billing_Date_Time, Payment_Method, Payment_Status, Discount_Applied, Discount_Amount, Discount_ID) VALUES (11001108, 344240, 00000015,'Personal Training', 31.61, to_timestamp('2024-11-25 14:19:58.805352', 'YYYY-MM-DD HH24:MI:SS:FF'), 'Credit Card', 'CONFIRMED', 'Y', 54.16, 00014000);
INSERT INTO Billing (Billing_ID, Transaction_ID, Client_ID, Service_Name, Amount, Billing_Date_Time, Payment_Method, Payment_Status, Discount_Applied, Discount_Amount, Discount_ID) VALUES (11001109, 686411, 00000017,'Health Assessment', 485.09, to_timestamp('2024-02-26 20:27:23.320992', 'YYYY-MM-DD HH24:MI:SS:FF'), 'Credit Card', 'CONFIRMED', 'N', 0.0, Null);
INSERT INTO Billing (Billing_ID, Transaction_ID, Client_ID, Service_Name, Amount, Billing_Date_Time, Payment_Method, Payment_Status, Discount_Applied, Discount_Amount, Discount_ID) VALUES (11001110, Null, 00000019,'Class Booking', 74.4, to_timestamp('2024-10-17 10:51:24.769523', 'YYYY-MM-DD HH24:MI:SS:FF'), 'Direct Debit', 'PENDING', 'Y', 27.97, 00011000);

--ADDING CONSTRAINTS


-- Foreign Key for Membership.Client_ID → Clients.Client_ID
ALTER TABLE Membership
    ADD CONSTRAINT FK_Membership_Client FOREIGN KEY (Client_ID)
    REFERENCES Clients(Client_ID);

-- Foreign Key for Fitness_Classes.Instructor_ID → Staff.Staff_ID
ALTER TABLE Fitness_Classes
    ADD CONSTRAINT FK_Class_Instructor FOREIGN KEY (Instructor_ID)
    REFERENCES Staff(Staff_ID);

-- Foreign Key for Class_Bookings.Class_ID → Fitness_Classes.Class_ID
ALTER TABLE Class_Bookings
    ADD CONSTRAINT FK_Booking_Class FOREIGN KEY (Class_ID)
    REFERENCES Fitness_Classes(Class_ID);

-- Foreign Key for Class_Bookings.Client_ID → Clients.Client_ID
ALTER TABLE Class_Bookings
    ADD CONSTRAINT FK_Booking_Client FOREIGN KEY (Client_ID)
    REFERENCES Clients(Client_ID);

-- Foreign Key for Personal_training_Sessions.Client_ID → Clients.Client_ID
ALTER TABLE Personal_training_Sessions
    ADD CONSTRAINT FK_Personal_training_Sessions_Client FOREIGN KEY (Client_ID)
    REFERENCES Clients(Client_ID);

-- Foreign Key for Personal_training_Sessions.Trainer_ID → Staff.Staff_ID
ALTER TABLE Personal_training_Sessions
    ADD CONSTRAINT FK_Personal_training_Sessions_Trainer FOREIGN KEY (Trainer_ID)
    REFERENCES Staff(Staff_ID);

-- Foreign Key for Health_Assessments.Client_ID → Clients.Client_ID
ALTER TABLE Health_Assessments
    ADD CONSTRAINT FK_Assessment_Client FOREIGN KEY (Client_ID)
    REFERENCES Clients(Client_ID);

-- Foreign Key for Health_Assessments.Trainer_ID → Staff.Staff_ID
ALTER TABLE Health_Assessments
    ADD CONSTRAINT FK_Assessment_Trainer FOREIGN KEY (Trainer_ID)
    REFERENCES Staff(Staff_ID);

-- Foreign Key for Gym_Attendance.Client_ID → Clients.Client_ID
ALTER TABLE Gym_Attendance
    ADD CONSTRAINT FK_Attendance_Client FOREIGN KEY (Client_ID)
    REFERENCES Clients(Client_ID);

-- Foreign Key for Gym_Attendance.Facility_ID → Facilities.Facility_ID
ALTER TABLE Gym_Attendance
    ADD CONSTRAINT FK_Attendance_Facility FOREIGN KEY (Facility_ID)
    REFERENCES Facilities(Facility_ID);

-- Foreign Key for Billing.Client_ID → Clients.Client_ID
ALTER TABLE Billing
    ADD CONSTRAINT FK_Billing_Client FOREIGN KEY (Client_ID)
    REFERENCES Clients(Client_ID);

-- Foreign Key for Billing.Discount_ID → Discounts.Discount_ID
ALTER TABLE Billing
    ADD CONSTRAINT FK_Billing_Discount FOREIGN KEY (Discount_ID)
    REFERENCES Discounts(Discount_ID);

-- Foreign Key for Equipment_Rentals.Client_ID → Clients.Client_ID
ALTER TABLE Equipment_Rentals
    ADD CONSTRAINT FK_Rental_Client FOREIGN KEY (Client_ID)
    REFERENCES Clients(Client_ID);

-- Foreign Key for Equipment_Rentals.Facility_ID → Facilities.Facility_ID
ALTER TABLE Equipment_Rentals
    ADD CONSTRAINT FK_Rental_Facility FOREIGN KEY (Facility_ID)
    REFERENCES Facilities(Facility_ID);
